IP,cf-meta-ip,端口,速度(Mbps),CF归属国,机房,TCP延迟(ms),TLS延迟(ms)
40.233.103.212,2603:c021:5:8c88::1008,443,116.14,CA,YYZ,72.15,68.87
140.238.144.211,2603:c021:4:9a88::1022,443,106.38,CA,YYZ,47.74,59.41
65.49.232.101,65.49.232.101,443,86.5,CA,YVR,61.12,96.5
40.233.68.138,40.233.68.138,443,83.46,CA,YYZ,40.51,46.21
159.203.2.180,159.203.2.180,443,75.62,CA,YYZ,44.36,52.59
40.233.116.225,40.233.116.225,443,60.16,CA,YYZ,44.37,50.52
40.233.77.216,2603:c021:5:8c88::825,443,53.09,CA,YYZ,49.61,62.19
45.133.16.41,45.133.16.41,443,49.84,CA,YYZ,73.46,137.6
40.233.71.238,2603:c021:5:8c88::1006,443,46.82,CA,YYZ,46.99,47.7
167.160.190.137,167.160.190.137,443,42.69,CA,YYZ,47.52,75.15
150.242.90.205,150.242.90.205,443,37.99,CA,YVR,52.32,57.73
40.233.87.120,2603:c021:4:9a88::1016,443,37.44,CA,YYZ,41.57,46.88
72.11.145.117,72.11.145.117,443,33.68,CA,YYZ,43.43,150.82
40.233.110.251,2603:c021:4:9a88::1018,443,27.76,CA,YYZ,40.25,46.6
68.233.122.42,68.233.122.42,443,22.07,CA,YUL,67.7,79.48
72.11.146.199,72.11.146.199,443,9.86,CA,YYZ,45.5,74.56
176.10.125.114,176.10.125.114,443,4.09,CH,ZRH,135.23,141.78
141.227.139.220,141.227.139.220,443,4.02,CH,ZRH,156.89,163.43
84.234.17.132,84.234.17.132,8443,3.83,CH,GVA,136.54,145.9
140.238.209.8,140.238.209.8,443,3.72,CH,ZRH,138.36,145.26
84.234.16.169,84.234.16.169,443,3.65,CH,GVA,138.97,146.8
83.228.193.177,83.228.193.177,443,3.55,CH,GVA,151.18,155.16
82.38.64.166,82.38.64.166,443,3.54,CH,ZRH,147.1,152.01
91.245.225.69,91.245.225.69,443,3.5,CH,ZRH,134.95,213.2
84.234.16.169,84.234.16.169,8443,3.5,CH,GVA,137.22,143.55
146.70.71.157,146.70.71.157,443,3.49,CH,FRA,137.01,152.31
152.67.85.239,152.67.85.239,443,3.45,CH,ZRH,134.82,140.42
82.38.139.231,82.38.139.231,443,3.43,CH,ZRH,145.47,162.88
141.227.150.38,141.227.150.38,443,3.41,CH,ZRH,150.25,147.19
82.38.64.162,82.38.64.162,443,3.19,CH,ZRH,138.04,146.89
84.234.17.132,84.234.17.132,443,3.14,CH,GVA,139.01,144.27
83.228.193.229,83.228.193.229,443,3.07,CH,GVA,142.85,143.09
51.34.85.34,51.34.85.34,443,3.06,CH,ZRH,139.27,143.99
83.228.198.53,83.228.198.53,8443,2.93,CH,GVA,136.29,146.48
83.228.198.53,83.228.198.53,443,2.93,CH,GVA,142.72,175.36
45.85.93.45,45.85.93.45,443,2.9,CH,GVA,150.08,241.99
83.228.193.177,83.228.193.177,8443,2.81,CH,GVA,139.7,159.21
83.228.193.229,83.228.193.229,8443,2.8,CH,GVA,134.27,138.9
107.189.30.77,107.189.30.77,443,2.75,CH,ZRH,141.31,139.32
152.67.64.55,152.67.64.55,443,2.68,CH,ZRH,134.54,147.55
82.38.135.128,82.38.135.128,443,2.4,CH,ZRH,135.9,156.68
83.228.193.188,83.228.193.188,8443,2.21,CH,GVA,139.09,141.22
91.245.225.17,91.245.225.17,443,2.16,CH,ZRH,135.61,147.96
45.85.93.49,45.85.93.49,443,2.1,CH,ZRH,150.99,161.23
140.238.208.210,140.238.208.210,443,2.09,CH,ZRH,135.33,143.03
83.228.193.188,83.228.193.188,443,2.08,CH,GVA,134.64,137.72
83.228.193.162,83.228.193.162,8443,1.69,CH,GVA,138.38,141.95
193.228.128.110,193.228.128.110,443,1.38,CH,ZRH,246.09,242.53
83.228.193.162,83.228.193.162,443,1.33,CH,GVA,138.47,146.33
45.143.200.245,45.143.200.245,443,1.25,CH,ZRH,238.46,244.38
213.176.18.108,213.176.18.108,443,1.23,CH,ZRH,248.83,252.18
45.148.102.244,45.148.102.244,443,1.21,CH,ZRH,243.02,245.8
87.120.222.188,87.120.222.188,443,1.19,CH,ZRH,249.86,244.53
171.22.16.231,171.22.16.231,443,1.07,CH,ZRH,239.08,247.58
213.176.18.42,213.176.18.42,443,1.07,CH,ZRH,241.51,250.09
87.120.222.207,87.120.222.207,443,1.06,CH,ZRH,237.94,240.72
87.120.222.207,87.120.222.207,8443,1.05,CH,ZRH,252.14,246.94
85.234.100.221,85.234.100.221,443,7.55,DE,FRA,135.44,143.94
89.40.117.130,89.40.117.130,443,6.61,DE,FRA,129.13,142.24
94.159.105.213,94.159.105.213,443,6.26,DE,FRA,140.16,175.91
148.153.94.137,148.153.94.137,443,5.79,DE,FRA,162.6,166.81
162.221.196.158,162.221.196.158,443,5.66,DE,FRA,132.73,139.65
5.44.46.142,5.44.46.142,443,5.48,DE,AMS,130.4,147.94
152.53.138.238,152.53.138.238,443,5.38,DE,FRA,141.34,152.86
213.108.198.116,213.108.198.116,443,5.17,DE,FRA,129.45,137.43
2.27.49.130,2.27.49.130,443,5.12,DE,FRA,139.76,163.05
91.107.148.154,91.107.148.154,8443,5.04,DE,CDG,135.87,168.94
94.228.168.17,94.228.168.17,443,5.0,DE,FRA,161.54,171.3
91.149.223.242,2605:e440:1::2:c3,443,4.96,DE,FRA,133.62,165.71
195.245.239.124,195.245.239.124,443,4.81,DE,FRA,129.48,138.54
144.31.62.254,144.31.62.254,443,4.64,DE,FRA,135.39,142.08
45.43.89.236,45.43.89.236,443,4.64,DE,FRA,133.73,148.82
5.231.45.40,5.231.45.40,443,4.62,DE,FRA,133.37,151.55
77.239.98.122,77.239.98.122,443,4.58,DE,FRA,135.21,143.42
193.135.137.79,193.135.137.79,443,4.5,DE,FRA,138.83,141.11
5.39.255.78,5.39.255.78,443,4.44,DE,FRA,138.48,150.63
198.186.131.222,198.186.131.222,443,4.44,DE,FRA,132.33,142.81
193.37.70.63,193.37.70.63,443,4.44,DE,FRA,147.35,167.62
194.87.71.141,194.87.71.141,443,4.43,DE,FRA,132.06,136.94
213.165.55.207,213.165.55.207,443,4.41,DE,FRA,157.44,139.89
5.231.45.40,5.231.45.40,8443,4.28,DE,FRA,137.7,157.07
147.45.210.78,147.45.210.78,443,4.25,DE,FRA,147.01,154.49
103.7.55.147,103.7.55.147,443,4.25,DE,FRA,131.82,152.44
94.228.161.238,2a0f:cdc6:500:142c::2,443,4.19,DE,FRA,136.99,140.97
91.107.251.113,91.107.251.113,8443,4.17,DE,CDG,155.34,184.42
5.75.159.159,2a01:4f8:c0c:2cf7::1,8443,4.17,DE,CDG,155.64,157.06
77.239.98.108,77.239.98.108,443,4.16,DE,FRA,144.18,169.17
91.107.251.113,91.107.251.113,443,4.15,DE,CDG,172.51,195.49
217.154.94.41,2a01:239:3bf:dd00::1,443,4.13,DE,FRA,142.36,191.93
152.53.15.96,152.53.15.96,8443,4.08,DE,FRA,131.76,140.03
94.156.114.13,94.156.114.13,443,4.07,DE,FRA,137.61,160.9
167.71.45.93,167.71.45.93,443,4.05,DE,FRA,130.89,137.42
5.75.159.159,2a01:4f8:c0c:2cf7::1,443,4.05,DE,CDG,141.4,176.32
185.233.81.207,2a04:5201:4::1c7,443,4.05,DE,FRA,132.29,137.49
152.53.239.169,152.53.239.169,443,4.05,DE,FRA,138.11,145.16
167.71.45.93,167.71.45.93,8443,4.04,DE,FRA,131.44,139.38
152.53.15.96,152.53.15.96,443,4.03,DE,FRA,131.42,142.26
194.180.188.184,194.180.188.184,443,4.02,DE,FRA,137.56,141.56
152.53.178.240,152.53.178.240,8443,3.97,DE,FRA,136.22,151.55
195.58.38.63,2a0f:cdc6:500:f2b::2,443,3.96,DE,FRA,148.27,149.37
85.121.53.39,85.121.53.39,443,3.95,DE,FRA,138.39,140.76
213.176.77.101,213.176.77.101,443,3.93,DE,FRA,145.63,223.86
142.132.178.99,142.132.178.99,443,3.92,DE,FRA,141.72,185.11
88.99.189.60,88.99.189.60,443,3.91,DE,CDG,140.58,168.35
49.13.64.206,49.13.64.206,443,3.88,DE,FRA,141.72,156.59
152.53.117.32,152.53.117.32,8443,3.85,DE,FRA,144.5,155.83
95.164.123.31,95.164.123.31,2053,3.82,DE,FRA,133.73,141.75
95.85.230.15,95.85.230.15,443,3.82,DE,FRA,143.4,156.16
2.26.51.106,2.26.51.106,443,3.82,DE,FRA,135.75,148.64
178.250.187.110,2a0f:cdc6:500:eb9::2,443,3.81,DE,FRA,144.51,150.43
152.53.144.202,152.53.144.202,443,3.8,DE,FRA,135.6,149.87
193.26.159.9,193.26.159.9,443,3.8,DE,HAM,133.31,161.38
185.248.143.21,185.248.143.21,443,3.78,DE,FRA,140.06,152.8
89.19.209.6,89.19.209.6,443,3.77,DE,AMS,138.99,150.93
92.42.96.240,92.42.96.240,443,3.75,DE,FRA,138.7,153.6
116.203.58.165,116.203.58.165,443,3.75,DE,CDG,138.66,169.09
144.31.73.186,144.31.73.186,443,3.73,DE,FRA,144.24,170.72
83.147.253.123,83.147.253.123,443,3.72,DE,FRA,140.54,171.3
5.182.87.164,5.182.87.164,443,3.71,DE,FRA,143.22,146.06
152.53.177.55,152.53.177.55,443,3.7,DE,FRA,134.13,145.53
152.53.12.245,152.53.12.245,8443,3.69,DE,FRA,137.56,149.54
167.235.149.175,167.235.149.175,443,3.68,DE,CDG,137.75,169.11
185.207.139.113,185.207.139.113,443,3.68,DE,HAM,132.01,158.97
152.53.138.238,152.53.138.238,8443,3.68,DE,FRA,148.91,147.63
47.245.131.215,47.245.131.215,2053,3.67,DE,FRA,134.18,148.86
152.53.142.246,152.53.142.246,8443,3.66,DE,FRA,134.01,149.77
95.164.123.31,95.164.123.31,443,3.6,DE,FRA,136.26,139.85
47.245.131.215,47.245.131.215,8443,3.59,DE,FRA,136.63,149.82
91.107.148.154,91.107.148.154,443,3.59,DE,CDG,137.11,165.85
152.53.12.245,152.53.12.245,443,3.59,DE,FRA,137.88,149.87
49.13.220.86,49.13.220.86,443,3.58,DE,FRA,143.16,151.51
194.164.192.16,194.164.192.16,443,3.58,DE,FRA,147.3,180.16
188.245.161.141,2a01:4f8:c17:1e71::1,443,3.57,DE,FRA,141.6,153.59
152.53.177.55,152.53.177.55,8443,3.56,DE,FRA,133.97,150.34
213.183.44.184,2a06:f902:1:100::199,443,3.55,DE,FRA,131.95,136.28
62.60.216.169,62.60.216.169,443,3.55,DE,FRA,150.83,186.97
87.251.87.213,87.251.87.213,443,3.55,DE,FRA,142.82,159.23
91.107.255.196,91.107.255.196,443,3.53,DE,CDG,139.85,166.88
152.53.228.252,152.53.228.252,8443,3.51,DE,FRA,134.62,152.34
45.43.88.219,45.43.88.219,443,3.51,DE,FRA,136.15,156.89
152.53.228.252,152.53.228.252,443,3.5,DE,FRA,136.53,168.04
194.164.234.88,194.164.234.88,443,3.47,DE,FRA,139.15,139.82
152.53.144.202,152.53.144.202,8443,3.44,DE,FRA,132.35,148.53
195.245.239.135,195.245.239.135,443,3.44,DE,FRA,130.9,138.98
46.232.250.99,46.232.250.99,443,3.43,DE,FRA,142.39,153.68
89.58.13.3,89.58.13.3,8443,3.41,DE,FRA,152.45,171.44
37.120.191.25,37.120.191.25,8443,3.4,DE,FRA,174.28,245.04
91.107.158.77,91.107.158.77,443,3.39,DE,CDG,140.29,164.76
185.189.58.222,185.189.58.222,443,3.39,DE,FRA,125.25,137.47
152.53.142.246,152.53.142.246,443,3.38,DE,FRA,134.41,146.86
193.26.159.9,193.26.159.9,8443,3.38,DE,HAM,133.98,162.85
193.26.158.212,193.26.158.212,443,3.37,DE,FRA,134.04,160.63
152.53.117.32,152.53.117.32,443,3.33,DE,FRA,138.37,149.87
135.125.191.9,135.125.191.9,8443,3.32,DE,FRA,140.45,140.9
165.227.173.197,165.227.173.197,443,3.32,DE,FRA,131.81,137.06
64.188.68.11,2a12:bec4:1bb0:bbe::2,443,3.31,DE,FRA,185.2,217.49
152.53.87.153,152.53.87.153,8443,3.31,DE,FRA,134.33,146.67
192.91.186.156,192.91.186.156,443,3.31,DE,FRA,136.58,141.11
152.53.178.240,152.53.178.240,443,3.3,DE,FRA,136.34,147.56
31.172.73.59,31.172.73.59,443,3.3,DE,FRA,137.99,146.11
135.125.191.9,135.125.191.9,443,3.29,DE,FRA,132.71,143.83
159.195.22.104,159.195.22.104,8443,3.29,DE,FRA,141.24,156.2
47.245.131.215,47.245.131.215,443,3.29,DE,FRA,133.55,150.33
152.53.239.169,152.53.239.169,8443,3.29,DE,FRA,134.39,146.26
92.118.8.206,92.118.8.206,443,3.28,DE,FRA,140.88,156.34
88.198.82.157,178.63.88.12,443,3.26,DE,FRA,136.27,161.25
194.180.188.241,194.180.188.241,443,3.26,DE,FRA,137.27,134.53
185.209.82.152,185.209.82.152,443,3.24,DE,FRA,129.49,141.65
91.107.250.153,91.107.250.153,8443,3.23,DE,CDG,135.35,169.68
185.103.253.187,185.103.253.187,443,3.2,DE,FRA,137.86,147.94
193.124.92.58,193.124.92.58,443,3.2,DE,FRA,129.28,137.66
77.90.33.155,77.90.33.155,443,3.19,DE,FRA,141.98,164.2
91.107.155.13,91.107.155.13,8443,3.18,DE,CDG,136.59,177.71
45.147.228.249,45.147.228.249,443,3.18,DE,FRA,138.84,145.43
37.120.186.102,37.120.186.102,8443,3.16,DE,FRA,146.56,160.38
91.107.171.251,2a01:4f8:1c17:c311::1,443,3.15,DE,FRA,137.01,166.17
89.58.15.204,89.58.15.204,8443,3.08,DE,FRA,150.88,158.28
49.12.237.71,49.12.237.71,443,3.06,DE,CDG,138.63,170.37
37.221.198.204,37.221.198.204,443,3.06,DE,FRA,151.25,158.78
172.86.95.236,172.86.95.236,443,3.04,DE,FRA,136.0,141.19
89.58.15.204,89.58.15.204,443,3.03,DE,FRA,147.93,162.58
89.58.45.162,89.58.45.162,443,3.01,DE,FRA,146.26,160.53
45.9.116.160,45.9.116.160,443,3.0,DE,FRA,136.34,144.47
193.23.202.35,193.23.202.35,443,2.99,DE,FRA,137.92,143.75
37.120.191.25,37.120.191.25,443,2.99,DE,HAM,154.74,247.13
91.107.250.153,91.107.250.153,443,2.99,DE,CDG,135.25,171.36
152.53.15.90,152.53.15.90,8443,2.96,DE,FRA,131.47,145.84
88.99.92.84,88.99.92.84,443,2.94,DE,FRA,136.27,160.78
37.221.196.43,37.221.196.43,8443,2.94,DE,FRA,146.5,201.03
193.124.92.170,193.124.92.170,443,2.94,DE,FRA,134.32,339.39
116.202.132.205,2a01:4f8:231:4c65::2,443,2.94,DE,FRA,140.28,153.13
82.115.19.143,82.115.19.143,443,2.93,DE,FRA,135.95,152.0
94.16.114.25,94.16.114.25,443,2.9,DE,FRA,152.59,174.64
152.53.87.153,152.53.87.153,443,2.89,DE,FRA,135.04,146.69
159.89.10.241,159.89.10.241,443,2.88,DE,FRA,143.18,155.91
152.53.15.90,152.53.15.90,443,2.87,DE,FRA,135.82,143.92
51.38.98.202,51.38.98.202,443,2.87,DE,FRA,137.18,150.62
91.107.255.196,91.107.255.196,8443,2.86,DE,CDG,148.83,158.67
94.16.113.171,94.16.113.171,443,2.85,DE,HAM,146.62,183.24
159.195.22.104,159.195.22.104,443,2.83,DE,FRA,136.0,159.92
89.58.13.46,89.58.13.46,8443,2.81,DE,FRA,151.17,163.75
80.253.251.30,80.253.251.30,443,2.8,DE,FRA,133.05,145.06
37.221.196.43,37.221.196.43,443,2.8,DE,FRA,152.37,164.99
91.108.243.115,91.108.243.115,443,2.79,DE,FRA,141.55,165.87
37.221.198.204,37.221.198.204,8443,2.79,DE,FRA,149.12,156.53
188.245.102.244,188.245.102.244,443,2.77,DE,CDG,147.52,176.52
5.75.182.89,5.75.182.89,443,2.77,DE,CDG,144.18,168.89
18.197.218.69,18.197.218.69,443,2.77,DE,FRA,129.28,133.1
94.125.101.103,94.125.101.103,443,2.77,DE,FRA,142.24,148.73
57.129.47.52,57.129.47.52,443,2.74,DE,FRA,143.35,165.41
94.141.123.243,109.122.197.45,443,2.73,DE,FRA,142.66,151.71
185.242.113.117,185.242.113.117,443,2.69,DE,FRA,134.78,136.18
91.99.222.109,91.99.222.109,443,2.68,DE,FRA,139.88,161.74
91.107.155.13,91.107.155.13,443,2.68,DE,CDG,139.7,170.72
193.26.158.212,193.26.158.212,8443,2.68,DE,HAM,133.51,171.71
46.232.250.99,46.232.250.99,8443,2.68,DE,FRA,181.52,154.45
94.16.113.171,94.16.113.171,8443,2.67,DE,FRA,146.92,156.85
94.130.72.184,94.130.72.184,443,2.67,DE,CDG,135.64,170.18
37.120.186.102,37.120.186.102,443,2.67,DE,FRA,145.84,161.39
89.58.40.177,89.58.40.177,443,2.66,DE,FRA,146.77,159.51
91.199.118.151,91.199.118.151,8443,2.65,DE,PRG,141.21,159.72
168.119.176.199,168.119.176.199,443,2.65,DE,FRA,150.91,147.09
57.129.47.52,57.129.47.52,8443,2.65,DE,FRA,138.13,148.39
94.16.114.25,94.16.114.25,8443,2.63,DE,HAM,150.41,200.53
152.53.14.185,152.53.14.185,8443,2.6,DE,FRA,135.95,145.63
152.53.14.185,152.53.14.185,443,2.59,DE,FRA,139.78,142.66
89.58.13.3,89.58.13.3,443,2.57,DE,FRA,150.04,173.85
89.58.45.162,89.58.45.162,8443,2.55,DE,FRA,148.65,156.58
62.60.216.204,2a01:e5c0:57f1::2,443,2.53,DE,FRA,143.45,158.35
91.149.233.78,2605:e440:1::3:211,443,2.53,DE,FRA,136.56,138.79
159.195.20.60,159.195.20.60,8443,2.49,DE,FRA,137.91,151.62
152.53.143.195,152.53.143.195,443,2.46,DE,FRA,137.8,146.9
185.68.184.15,185.68.184.15,443,2.43,DE,FRA,145.89,148.92
163.5.187.49,163.5.187.49,2053,2.39,DE,FRA,132.19,164.46
195.54.33.164,195.54.33.164,443,2.27,DE,FRA,131.56,150.45
159.195.20.60,159.195.20.60,443,2.26,DE,FRA,134.82,148.48
37.220.83.176,37.220.83.176,443,2.25,DE,AMS,130.92,146.03
145.223.100.111,2a02:4780:41:dc16::1,443,2.24,DE,FRA,133.03,139.31
91.199.118.151,91.199.118.151,2053,2.24,DE,PRG,133.26,146.14
89.58.13.46,89.58.13.46,443,2.23,DE,FRA,157.69,172.95
91.107.158.77,91.107.158.77,8443,2.22,DE,CDG,143.53,166.38
89.58.40.177,89.58.40.177,8443,2.17,DE,FRA,148.12,160.39
152.53.143.195,152.53.143.195,8443,2.14,DE,FRA,145.19,143.98
152.53.224.23,152.53.224.23,8443,2.12,DE,FRA,137.72,152.46
92.51.37.170,92.51.37.170,443,2.1,DE,AMS,131.46,148.01
185.66.165.51,185.66.165.4,443,2.1,DE,LHR,139.08,181.95
91.199.118.151,91.199.118.151,443,2.09,DE,PRG,131.06,157.12
195.58.38.9,195.58.38.9,443,2.07,DE,FRA,151.37,148.31
152.53.118.28,152.53.118.28,443,2.06,DE,FRA,133.23,153.09
130.61.187.66,130.61.187.66,443,2.06,DE,FRA,133.45,152.99
45.147.248.115,45.147.248.115,443,2.04,DE,FRA,127.14,132.8
5.187.7.220,5.187.7.220,443,2.03,DE,FRA,134.93,158.14
91.107.152.178,91.107.152.178,443,1.98,DE,CDG,139.81,170.06
92.51.36.40,92.51.36.40,443,1.98,DE,AMS,131.13,150.22
152.53.118.28,152.53.118.28,8443,1.94,DE,FRA,139.76,145.05
195.245.239.135,195.245.239.135,2053,1.88,DE,FRA,130.42,135.19
79.132.138.87,2a02:6b40:2000:149a::1,443,1.87,DE,FRA,134.43,138.25
37.120.165.33,37.120.165.33,8443,1.83,DE,FRA,147.18,155.65
46.225.149.10,46.225.149.10,443,1.76,DE,FRA,138.61,163.55
152.53.224.23,152.53.224.23,443,1.75,DE,FRA,134.94,151.85
37.120.165.33,37.120.165.33,443,1.71,DE,HAM,147.21,182.06
46.101.243.64,46.101.243.64,443,1.36,DE,FRA,135.62,139.95
82.152.94.2,67.220.82.10,443,1.11,DE,FRA,242.37,241.25
2.26.23.181,2.26.23.181,443,5.82,FI,ARN,152.34,178.68
151.241.155.138,151.241.155.138,443,4.05,FI,ARN,210.04,218.34
185.218.194.135,185.218.194.135,443,3.91,FI,HEL,150.62,168.5
45.12.146.12,45.12.146.12,443,3.81,FI,TLL,164.81,159.18
65.21.159.37,65.21.159.37,443,3.78,FI,HEL,146.85,160.34
82.25.185.46,82.25.185.46,443,3.7,FI,HEL,147.17,155.29
78.153.139.207,78.153.139.207,443,3.69,FI,ARN,155.91,178.66
95.217.135.173,95.217.135.173,443,3.68,FI,HEL,152.94,159.83
92.42.102.39,92.42.102.39,443,3.66,FI,HEL,149.02,148.07
185.230.190.29,185.230.190.29,443,3.63,FI,ARN,145.49,183.73
109.172.54.73,109.172.54.73,443,3.59,FI,ARN,143.35,166.03
213.165.58.178,213.165.58.178,443,3.57,FI,TLL,152.31,176.95
65.108.245.196,65.108.245.196,443,3.45,FI,HEL,148.38,156.98
193.23.201.59,193.23.201.59,8443,3.43,FI,TLL,161.06,159.54
94.156.180.173,94.156.180.173,443,3.42,FI,ARN,152.22,169.28
31.77.224.12,23.236.111.12,443,3.41,FI,HEL,164.85,165.37
192.145.29.16,192.145.29.16,443,3.4,FI,ARN,154.54,159.62
91.211.114.202,91.211.114.202,443,3.39,FI,TLL,151.7,150.03
37.27.24.143,37.27.24.143,443,3.36,FI,AMS,150.0,215.39
91.204.74.232,91.204.74.232,443,3.35,FI,ARN,147.94,165.12
144.31.126.232,144.31.126.232,443,3.33,FI,ARN,151.65,173.55
109.206.243.100,109.206.243.100,2096,3.33,FI,ARN,163.37,208.1
144.31.217.95,144.31.217.95,443,3.31,FI,ARN,154.85,196.51
46.243.6.54,46.243.6.54,443,3.31,FI,HEL,147.37,153.13
93.152.207.239,93.152.207.239,443,3.21,FI,ARN,148.29,166.12
89.167.77.55,89.167.77.55,443,3.2,FI,HEL,160.57,163.59
65.21.62.180,65.21.62.180,443,3.19,FI,HEL,149.99,158.57
92.42.102.109,92.42.102.109,8443,3.17,FI,HEL,147.68,154.45
95.214.9.167,95.214.9.167,443,3.14,FI,ARN,299.62,393.51
192.145.29.34,192.145.29.34,443,3.13,FI,HEL,152.83,156.75
193.124.36.16,193.124.36.16,443,3.11,FI,HEL,150.12,167.85
65.109.196.96,65.109.196.96,443,3.1,FI,AMS,149.39,210.04
81.19.139.231,81.19.139.231,443,3.09,FI,ARN,147.28,174.14
45.12.151.34,45.12.151.34,443,3.08,FI,TLL,147.07,155.63
45.14.165.234,45.14.165.234,443,3.08,FI,HEL,151.21,201.86
45.14.165.234,45.14.165.234,8443,3.05,FI,HEL,151.07,201.7
87.239.250.142,87.239.250.142,443,3.05,FI,HEL,153.48,222.37
84.19.3.83,84.19.3.83,443,3.04,FI,HEL,145.08,154.24
89.125.210.106,89.125.210.106,443,3.03,FI,HEL,152.42,173.61
185.174.40.67,185.174.40.67,443,3.01,FI,TLL,146.1,154.24
195.96.156.240,195.96.156.240,443,2.99,FI,ARN,147.47,168.27
92.118.234.232,92.118.234.232,443,2.97,FI,ARN,148.78,168.53
167.17.40.47,167.17.40.47,443,2.97,FI,HEL,157.46,157.58
91.217.76.192,91.217.76.192,443,2.97,FI,HEL,146.19,152.89
37.27.92.255,37.27.92.255,8443,2.96,FI,AMS,149.73,206.27
192.145.29.34,192.145.29.34,8443,2.92,FI,ARN,146.62,168.6
185.239.141.89,185.239.141.89,443,2.92,FI,HEL,154.44,158.78
93.152.207.163,93.152.207.163,443,2.91,FI,HEL,154.67,160.99
82.40.57.236,82.40.57.236,443,2.9,FI,HEL,148.51,183.69
193.84.2.148,193.84.2.148,443,2.9,FI,ARN,141.7,187.74
65.109.200.234,65.109.200.234,8443,2.9,FI,AMS,157.38,235.85
193.168.198.220,193.168.198.220,443,2.89,FI,TLL,149.18,152.53
109.206.243.100,109.206.243.100,2053,2.87,FI,ARN,162.08,230.21
89.125.81.30,89.125.81.30,443,2.86,FI,ARN,149.52,176.84
193.109.84.39,193.109.84.39,443,2.84,FI,ARN,148.72,184.72
81.177.214.250,81.177.214.250,443,2.82,FI,ARN,148.75,177.48
138.124.15.220,138.124.15.220,443,2.82,FI,DME,154.16,209.99
89.35.129.86,89.35.129.86,443,2.81,FI,HEL,160.97,168.61
185.239.142.215,185.239.142.215,443,2.81,FI,ARN,145.28,174.56
178.17.53.85,178.17.53.85,443,2.8,FI,TLL,153.61,153.1
65.109.200.234,65.109.200.234,443,2.8,FI,AMS,173.61,229.09
65.109.213.219,65.109.213.219,443,2.79,FI,AMS,157.8,204.69
135.181.84.31,135.181.84.31,443,2.79,FI,HEL,149.57,160.69
195.96.156.92,195.96.156.92,443,2.78,FI,TLL,141.91,152.36
5.144.181.114,5.144.181.114,443,2.78,FI,ARN,149.36,165.01
212.87.222.32,212.87.222.32,443,2.75,FI,ARN,148.76,166.67
89.35.119.210,89.35.119.210,443,2.75,FI,ARN,149.65,193.02
95.81.93.80,95.81.93.80,443,2.71,FI,HEL,145.32,174.08
193.124.183.69,193.124.183.69,443,2.69,FI,TLL,147.99,163.36
109.206.243.100,109.206.243.100,443,2.69,FI,ARN,186.61,198.78
37.27.92.255,37.27.92.255,443,2.69,FI,AMS,151.46,206.1
104.128.131.94,104.128.131.94,443,2.68,FI,TLL,145.35,151.75
94.237.116.111,94.237.116.111,443,2.68,FI,HEL,146.64,175.09
65.109.188.1,65.109.188.1,443,2.67,FI,AMS,149.83,210.33
45.12.151.185,45.12.151.185,443,2.65,FI,HEL,147.95,170.88
185.212.149.7,185.212.149.7,443,2.64,FI,TLL,144.19,157.2
84.22.150.176,84.22.150.176,443,2.64,FI,ARN,160.99,258.71
82.117.84.249,82.117.84.249,443,2.64,FI,ARN,165.34,281.06
45.12.146.156,45.12.146.156,443,2.64,FI,ARN,148.38,180.56
109.206.243.100,109.206.243.100,2087,2.62,FI,ARN,184.65,192.03
150.251.152.227,150.251.152.227,443,2.61,FI,HEL,164.95,192.1
65.109.214.233,65.109.214.233,443,2.6,FI,AMS,149.13,211.72
31.77.224.4,23.236.111.4,443,2.58,FI,HEL,159.64,173.41
5.183.253.112,5.183.253.112,443,2.57,FI,ARN,153.33,168.94
45.67.202.36,45.67.202.36,443,2.55,FI,ARN,152.7,181.23
84.19.3.116,84.19.3.116,443,2.54,FI,HEL,147.95,180.48
144.31.243.19,144.31.243.19,443,2.5,FI,ARN,158.37,162.98
141.105.143.115,141.105.143.115,443,2.49,FI,HEL,152.86,204.05
185.106.94.143,185.106.94.143,443,2.46,FI,ARN,147.04,160.77
135.136.181.199,135.136.181.199,443,2.45,FI,ARN,149.89,172.51
62.60.153.148,62.60.153.148,443,2.44,FI,MXP,170.96,238.07
193.47.60.247,193.47.60.247,443,2.43,FI,ARN,176.12,158.11
78.17.47.159,78.17.47.159,443,2.41,FI,ARN,150.9,178.0
65.109.188.1,65.109.188.1,8443,2.41,FI,AMS,149.91,209.32
194.34.236.45,194.34.236.45,443,2.39,FI,ARN,151.07,166.38
66.151.34.156,66.151.34.156,443,2.39,FI,HEL,148.61,154.64
65.109.213.219,65.109.213.219,8443,2.38,FI,AMS,153.47,216.02
78.17.39.165,78.17.39.165,2053,2.38,FI,ARN,183.89,198.5
89.125.92.172,89.125.92.172,443,2.37,FI,ARN,150.93,184.56
212.237.219.37,212.237.219.37,443,2.34,FI,HEL,144.15,165.22
93.152.207.174,93.152.207.174,443,2.33,FI,HEL,145.82,163.96
89.22.227.108,89.22.227.108,443,2.33,FI,MXP,161.15,250.58
65.109.214.233,65.109.214.233,8443,2.3,FI,AMS,148.82,210.49
65.21.16.187,65.21.225.15,443,2.29,FI,HEL,152.85,154.69
45.80.231.90,45.80.231.90,443,2.28,FI,ARN,175.22,204.51
144.31.243.19,144.31.243.19,8443,2.27,FI,ARN,158.94,165.22
92.42.102.109,92.42.102.109,443,2.27,FI,HEL,157.33,168.39
185.109.21.151,185.109.21.151,443,2.24,FI,ARN,142.38,171.97
38.244.136.91,38.244.136.91,443,2.24,FI,ARN,162.28,174.08
66.151.35.226,66.151.35.226,443,2.24,FI,ARN,152.2,186.36
66.151.35.226,66.151.35.226,8443,2.24,FI,ARN,153.06,179.06
65.109.205.229,65.109.205.229,8443,2.22,FI,AMS,149.34,211.56
84.22.149.57,84.22.149.57,443,2.21,FI,ARN,173.89,272.43
193.23.201.59,193.23.201.59,443,2.21,FI,TLL,161.99,181.84
95.85.250.216,95.85.250.216,443,2.2,FI,HEL,164.87,169.64
78.17.39.165,78.17.39.165,443,2.19,FI,TLL,167.67,200.41
65.109.196.96,65.109.196.96,8443,2.17,FI,AMS,149.29,209.21
65.21.16.186,65.108.225.161,443,2.13,FI,HEL,149.83,157.3
194.39.110.50,194.39.110.50,443,2.11,FI,ARN,145.04,157.99
23.236.111.12,23.236.111.12,443,2.08,FI,HEL,158.83,168.04
109.120.157.29,109.120.157.29,443,2.07,FI,MXP,157.24,243.65
65.109.205.229,65.109.205.229,443,2.04,FI,AMS,150.59,216.06
46.20.106.166,46.20.106.166,443,2.03,FI,ARN,154.85,159.28
65.109.182.62,65.109.182.62,8443,2.02,FI,AMS,147.99,206.22
92.118.233.25,92.118.233.25,443,1.99,FI,HEL,160.03,158.13
212.237.219.183,212.237.219.183,443,1.88,FI,ARN,145.67,176.08
95.217.237.91,95.217.237.91,443,1.85,FI,HEL,150.83,159.05
65.21.224.102,65.21.224.102,443,1.85,FI,AMS,149.35,209.61
185.193.102.119,185.193.102.119,443,1.84,FI,HEL,163.88,175.98
89.125.2.229,89.125.2.229,443,1.83,FI,HEL,148.9,157.53
91.149.219.49,91.149.219.49,443,1.82,FI,ARN,176.28,179.78
212.237.219.99,212.237.219.99,443,1.75,FI,ARN,146.79,177.42
65.109.182.62,65.109.182.62,443,1.75,FI,AMS,147.39,208.08
206.245.135.117,206.245.135.117,443,1.73,FI,ARN,157.95,185.38
87.239.251.254,87.239.251.254,443,1.67,FI,HEL,162.15,147.33
138.124.80.223,138.124.80.223,443,1.6,FI,HEL,149.53,168.31
212.192.212.100,212.192.212.100,443,1.58,FI,ARN,150.94,176.53
185.236.24.10,185.236.24.10,8443,1.46,FI,HEL,150.25,172.24
95.81.93.48,95.81.93.48,443,1.43,FI,HEL,147.8,169.02
95.164.55.206,95.164.55.206,443,1.39,FI,TLL,193.91,245.85
185.236.24.10,185.236.24.10,443,1.37,FI,ARN,148.46,181.21
2.26.0.209,2.26.0.209,443,1.27,FI,TLL,164.94,172.88
152.228.191.232,152.228.191.1,443,7.06,FR,CDG,130.66,132.59
94.183.186.228,94.183.186.228,443,6.2,FR,CDG,125.69,147.03
185.234.100.241,185.234.100.241,443,6.05,FR,CDG,125.65,141.87
185.10.18.88,185.10.18.88,443,6.04,FR,CDG,125.83,161.48
104.253.79.6,104.253.79.6,443,6.03,FR,CDG,130.35,150.36
51.91.254.158,51.91.254.158,8443,6.0,FR,CDG,134.02,136.07
31.56.176.44,31.56.176.44,443,5.98,FR,CDG,131.03,134.5
185.10.17.137,185.10.17.137,443,5.96,FR,CDG,143.64,140.83
185.234.100.40,185.234.100.40,443,5.95,FR,CDG,130.14,130.66
185.10.19.237,185.10.19.237,443,5.92,FR,CDG,135.18,135.47
217.60.252.25,217.60.252.25,443,5.83,FR,CDG,133.27,161.63
20.33.23.66,20.33.23.66,443,5.71,FR,CDG,138.26,134.82
46.8.225.124,46.8.225.124,443,5.62,FR,CDG,126.48,136.78
37.59.97.139,37.59.97.139,443,5.51,FR,CDG,144.22,140.95
45.84.88.74,45.84.88.74,443,5.42,FR,CDG,127.97,174.11
151.247.196.143,151.247.196.143,443,5.23,FR,CDG,137.91,183.3
51.91.252.213,51.91.252.213,443,5.23,FR,CDG,141.89,198.47
51.91.253.57,51.91.253.57,8443,5.2,FR,CDG,124.55,141.92
51.91.251.31,51.91.251.31,443,5.05,FR,CDG,124.21,147.4
37.59.97.136,37.59.97.136,8443,5.03,FR,CDG,125.91,152.23
45.38.228.108,45.38.228.108,443,4.97,FR,CDG,134.51,144.95
51.91.251.189,51.91.251.189,443,4.95,FR,CDG,128.3,133.92
152.228.216.172,152.228.216.172,443,4.92,FR,CDG,126.75,141.13
37.59.125.113,37.59.125.113,8443,4.91,FR,CDG,135.87,136.07
51.178.27.222,51.178.27.222,8443,4.75,FR,CDG,123.15,139.58
217.60.37.34,217.60.37.34,443,4.73,FR,CDG,129.55,139.7
51.91.249.22,51.91.249.22,8443,4.73,FR,CDG,125.76,138.67
37.59.97.139,37.59.97.139,8443,4.72,FR,CDG,157.2,238.9
37.59.125.113,37.59.125.113,443,4.63,FR,CDG,133.35,142.7
51.178.137.248,51.178.137.248,443,4.5,FR,CDG,126.89,157.04
51.91.249.154,51.91.249.154,8443,4.5,FR,CDG,157.14,148.06
51.91.249.154,51.91.249.154,443,4.47,FR,CDG,159.95,135.68
38.180.240.91,38.180.240.91,443,4.45,FR,CDG,128.13,144.31
94.183.187.37,94.183.187.37,443,4.43,FR,CDG,125.73,137.9
51.91.249.93,51.91.249.93,443,4.42,FR,CDG,128.35,141.79
51.91.252.213,51.91.252.213,8443,4.41,FR,CDG,166.62,150.94
194.146.12.230,194.146.12.230,443,4.34,FR,FRA,130.75,141.59
37.59.97.133,37.59.97.133,443,4.34,FR,CDG,123.87,144.49
37.59.96.21,37.59.96.21,8443,4.3,FR,CDG,138.32,181.58
51.91.250.245,51.91.250.245,8443,4.26,FR,CDG,129.78,141.65
54.37.39.40,54.37.39.40,443,4.25,FR,CDG,127.31,142.21
51.178.141.36,51.178.141.36,8443,4.25,FR,CDG,125.38,143.73
51.91.255.23,51.91.255.23,443,4.24,FR,CDG,201.14,170.87
152.228.217.69,152.228.217.69,8443,4.22,FR,CDG,129.81,147.16
51.91.249.29,51.91.249.29,8443,4.22,FR,CDG,143.61,162.82
51.91.249.29,51.91.249.29,443,4.21,FR,CDG,128.41,150.99
51.91.249.126,51.91.249.126,8443,4.18,FR,CDG,128.66,150.66
37.59.97.136,37.59.97.136,443,4.18,FR,CDG,133.37,149.04
152.228.216.172,152.228.216.172,8443,4.17,FR,CDG,124.86,139.69
51.91.254.78,51.91.254.78,443,4.16,FR,CDG,124.13,140.36
51.178.29.175,51.178.29.175,8443,4.16,FR,CDG,125.8,138.51
37.59.96.48,37.59.96.48,443,4.15,FR,CDG,124.4,136.77
152.228.217.69,152.228.217.69,443,4.13,FR,CDG,122.9,137.2
51.91.249.115,51.91.249.115,443,4.13,FR,CDG,124.16,151.74
51.38.44.17,51.38.44.17,443,4.13,FR,CDG,128.35,143.42
51.178.137.248,51.178.137.248,8443,4.06,FR,CDG,123.08,158.84
45.95.172.206,45.95.172.206,443,4.06,FR,FRA,159.23,160.58
51.91.254.111,51.91.254.111,443,4.05,FR,CDG,125.42,193.3
51.91.249.115,51.91.249.115,8443,4.05,FR,CDG,140.73,156.64
51.91.250.21,51.91.250.21,8443,4.04,FR,CDG,123.11,137.29
37.59.97.140,37.59.97.140,8443,4.04,FR,CDG,125.2,139.41
51.91.254.111,51.91.254.111,8443,4.02,FR,CDG,143.7,187.42
51.91.249.37,51.91.249.37,8443,3.96,FR,CDG,126.58,133.31
51.91.252.44,51.91.252.44,8443,3.95,FR,CDG,123.97,139.36
51.91.250.92,51.91.250.92,443,3.94,FR,CDG,124.3,139.99
62.171.150.26,62.171.150.26,443,3.91,FR,FRA,135.73,140.69
51.91.251.31,51.91.251.31,8443,3.91,FR,CDG,125.95,142.19
45.81.243.217,45.81.243.217,443,3.87,FR,CDG,145.43,145.54
88.218.79.114,88.218.79.114,443,3.86,FR,FRA,139.66,163.62
51.91.254.158,51.91.254.158,443,3.85,FR,CDG,128.04,140.48
51.91.250.183,51.91.250.183,443,3.84,FR,CDG,132.31,303.1
51.91.255.163,51.91.255.163,443,3.83,FR,CDG,139.69,179.97
51.91.250.33,51.91.250.33,443,3.81,FR,CDG,123.76,139.3
51.91.248.61,51.91.248.61,8443,3.81,FR,CDG,123.34,136.16
51.91.255.23,51.91.255.23,8443,3.8,FR,CDG,125.14,183.18
51.91.253.83,51.91.253.83,443,3.8,FR,CDG,123.85,138.18
51.91.251.16,51.91.251.16,443,3.8,FR,CDG,125.03,138.47
51.91.250.245,51.91.250.245,443,3.78,FR,CDG,126.94,139.24
51.91.248.215,51.91.248.215,8443,3.77,FR,CDG,131.02,142.64
51.91.252.34,51.91.252.34,8443,3.77,FR,CDG,129.72,139.08
51.91.254.22,51.91.254.22,8443,3.76,FR,CDG,133.73,153.52
51.91.250.77,51.91.250.77,8443,3.76,FR,CDG,129.6,149.89
51.91.252.44,51.91.252.44,443,3.73,FR,CDG,131.12,148.34
77.110.106.93,77.110.106.93,443,3.72,FR,FRA,142.49,162.05
51.91.253.230,51.91.253.230,8443,3.71,FR,CDG,147.82,190.7
51.91.249.126,51.91.249.126,443,3.71,FR,CDG,131.18,147.38
51.91.254.57,51.91.254.57,443,3.7,FR,CDG,122.36,151.21
51.91.249.37,51.91.249.37,443,3.7,FR,CDG,125.53,139.99
51.91.249.198,51.91.249.198,443,3.69,FR,CDG,132.38,148.23
37.59.96.23,37.59.96.23,443,3.69,FR,CDG,129.28,143.66
51.91.254.22,51.91.254.22,443,3.68,FR,CDG,127.68,137.28
51.178.141.191,51.178.141.191,443,3.67,FR,CDG,123.23,145.5
51.91.253.57,51.91.253.57,443,3.66,FR,CDG,122.95,140.85
51.91.249.93,51.91.249.93,8443,3.65,FR,CDG,126.27,151.77
167.86.116.97,167.86.116.97,443,3.64,FR,FRA,132.46,147.59
51.91.251.160,51.91.251.160,443,3.63,FR,CDG,123.39,143.81
37.59.96.48,37.59.96.48,8443,3.61,FR,CDG,124.74,138.11
51.91.248.215,51.91.248.215,443,3.6,FR,CDG,128.34,143.14
51.91.252.200,51.91.252.200,8443,3.6,FR,CDG,124.66,139.18
51.91.250.77,51.91.250.77,443,3.6,FR,CDG,129.79,148.29
51.91.250.33,51.91.250.33,8443,3.59,FR,CDG,131.14,144.29
51.91.254.78,51.91.254.78,8443,3.59,FR,CDG,124.1,136.17
152.228.134.239,152.228.134.239,443,3.59,FR,FRA,137.49,142.57
51.91.248.218,51.91.248.218,8443,3.59,FR,CDG,133.2,142.09
51.91.255.152,51.91.255.152,443,3.54,FR,CDG,123.54,137.1
51.91.254.189,51.91.254.189,443,3.54,FR,CDG,127.05,141.59
51.91.254.57,51.91.254.57,8443,3.53,FR,CDG,129.76,148.67
88.218.76.170,88.218.76.170,443,3.53,FR,FRA,149.95,167.58
51.91.249.22,51.91.249.22,443,3.52,FR,CDG,124.49,142.51
173.212.224.25,173.212.224.25,443,3.51,FR,CDG,130.71,154.15
158.178.215.52,158.178.215.52,443,3.51,FR,CDG,139.77,148.63
51.91.254.189,51.91.254.189,8443,3.51,FR,CDG,125.13,139.02
37.59.97.135,37.59.97.135,443,3.49,FR,CDG,123.31,136.24
212.69.86.229,212.69.86.229,443,3.47,FR,BRU,130.99,143.04
51.91.248.99,51.91.248.99,8443,3.46,FR,CDG,122.69,143.62
51.91.251.153,51.91.251.153,8443,3.45,FR,CDG,128.98,142.21
51.178.162.166,51.178.162.166,443,3.43,FR,CDG,135.85,148.42
37.59.97.140,37.59.97.140,443,3.41,FR,CDG,131.51,143.43
51.91.253.62,51.91.253.62,443,3.41,FR,CDG,133.85,147.4
51.91.251.16,51.91.251.16,8443,3.39,FR,CDG,123.89,144.95
194.164.217.222,194.164.217.222,443,3.38,FR,BRU,142.44,159.33
185.236.23.26,185.236.23.26,443,3.38,FR,CDG,126.27,138.99
37.59.96.47,37.59.96.47,443,3.37,FR,CDG,129.7,152.39
51.91.253.62,51.91.253.62,8443,3.36,FR,CDG,126.17,140.98
51.91.252.34,51.91.252.34,443,3.36,FR,CDG,128.72,148.58
37.59.97.133,37.59.97.133,8443,3.35,FR,CDG,128.48,144.38
51.91.253.83,51.91.253.83,8443,3.32,FR,CDG,128.65,145.1
51.91.255.152,51.91.255.152,8443,3.31,FR,CDG,124.91,138.4
37.59.96.47,37.59.96.47,8443,3.3,FR,CDG,129.87,146.25
51.210.148.173,51.210.148.173,443,3.28,FR,CDG,131.89,140.99
51.91.248.61,51.91.248.61,443,3.26,FR,CDG,122.67,138.24
51.91.249.198,51.91.249.198,8443,3.24,FR,CDG,129.77,147.63
51.91.254.97,51.91.254.97,443,3.24,FR,CDG,124.94,138.41
51.91.254.99,51.91.254.99,443,3.24,FR,CDG,127.51,138.74
51.91.248.253,51.91.248.253,443,3.23,FR,CDG,122.88,146.82
51.91.251.189,51.91.251.189,8443,3.2,FR,CDG,128.36,138.32
51.91.254.99,51.91.254.99,8443,3.2,FR,CDG,131.86,148.86
51.178.27.222,51.178.27.222,443,3.18,FR,CDG,124.45,135.97
51.91.251.160,51.91.251.160,8443,3.17,FR,CDG,127.73,144.15
37.59.96.21,37.59.96.21,443,3.17,FR,CDG,139.09,157.11
37.59.96.23,37.59.96.23,8443,3.14,FR,CDG,124.37,138.94
151.241.228.164,151.241.228.164,443,3.07,FR,BRU,133.18,151.0
51.178.141.36,51.178.141.36,443,3.07,FR,CDG,130.68,145.64
51.77.141.117,51.77.141.117,8443,3.04,FR,FRA,133.63,145.22
51.91.248.253,51.91.248.253,8443,3.03,FR,CDG,124.13,140.87
141.94.78.246,141.94.78.246,443,3.03,FR,CDG,124.85,137.63
51.91.254.173,51.91.254.173,8443,3.02,FR,CDG,151.74,151.17
51.91.250.21,51.91.250.21,443,3.01,FR,CDG,122.81,140.44
51.91.253.218,51.91.253.218,8443,3.0,FR,CDG,124.95,141.26
51.178.29.175,51.178.29.175,443,2.98,FR,CDG,123.48,137.13
51.91.251.198,51.91.251.198,443,2.96,FR,CDG,129.47,146.43
51.91.251.198,51.91.251.198,8443,2.96,FR,CDG,129.91,145.77
51.91.252.200,51.91.252.200,443,2.94,FR,CDG,129.41,155.7
141.94.78.246,141.94.78.246,8443,2.91,FR,CDG,130.04,142.05
138.124.70.157,138.124.70.157,443,2.9,FR,CDG,127.72,154.06
51.91.250.218,51.91.250.218,443,2.87,FR,CDG,124.74,140.87
51.91.250.152,51.91.250.152,8443,2.87,FR,CDG,128.56,145.04
51.91.253.245,51.91.253.245,8443,2.86,FR,CDG,133.98,142.25
162.19.27.52,162.19.27.52,443,2.81,FR,CDG,124.44,147.98
37.60.229.47,37.60.229.47,443,2.78,FR,FRA,130.13,151.68
152.228.134.60,152.228.134.60,8443,2.75,FR,FRA,138.65,156.99
37.59.96.25,37.59.96.25,443,2.72,FR,CDG,128.84,148.54
51.210.148.173,51.210.148.173,8443,2.71,FR,CDG,122.96,135.31
37.59.97.135,37.59.97.135,8443,2.71,FR,CDG,123.9,136.57
94.183.186.27,94.183.186.27,443,2.63,FR,CDG,125.48,131.97
51.91.248.218,51.91.248.218,443,2.63,FR,CDG,129.19,135.0
51.77.141.212,51.77.141.212,8443,2.62,FR,FRA,137.3,150.12
51.91.253.230,51.91.253.230,443,2.59,FR,CDG,130.15,290.16
62.84.183.222,62.84.183.222,8443,2.55,FR,CDG,129.08,158.64
51.91.255.163,51.91.255.163,8443,2.52,FR,CDG,141.45,208.17
51.91.253.218,51.91.253.218,443,2.52,FR,CDG,129.88,144.92
51.91.254.173,51.91.254.173,443,2.49,FR,CDG,125.4,136.82
51.91.250.152,51.91.250.152,443,2.49,FR,CDG,130.2,148.87
94.183.188.150,94.183.188.150,443,2.47,FR,CDG,131.87,136.73
51.91.250.92,51.91.250.92,8443,2.43,FR,CDG,133.17,150.15
152.228.134.239,152.228.134.239,8443,2.41,FR,FRA,143.82,150.16
152.228.216.146,152.228.216.146,443,2.4,FR,CDG,125.53,140.56
51.91.253.113,51.91.253.113,443,2.39,FR,CDG,127.25,139.38
51.77.141.212,51.77.141.212,443,2.39,FR,FRA,144.39,148.67
51.91.255.121,51.91.255.121,8443,2.38,FR,CDG,123.63,158.39
89.117.2.134,89.117.2.134,443,2.37,FR,CDG,149.17,154.22
51.91.254.100,51.91.254.100,443,2.36,FR,CDG,131.5,140.64
51.91.251.153,51.91.251.153,443,2.36,FR,CDG,125.2,138.65
51.91.252.193,51.91.252.193,8443,2.35,FR,CDG,127.78,146.0
51.91.254.177,51.91.254.177,8443,2.33,FR,CDG,136.1,137.78
51.91.252.193,51.91.252.193,443,2.29,FR,CDG,128.24,167.84
152.228.216.146,152.228.216.146,8443,2.26,FR,CDG,131.35,142.69
51.178.141.191,51.178.141.191,8443,2.25,FR,CDG,124.74,142.62
51.91.253.113,51.91.253.113,8443,2.23,FR,CDG,124.23,137.54
51.91.253.174,51.91.253.174,8443,2.22,FR,CDG,126.0,135.63
51.91.255.197,51.91.255.197,443,2.22,FR,CDG,128.9,138.81
51.91.250.218,51.91.250.218,8443,2.21,FR,CDG,136.76,144.82
51.91.252.191,51.91.252.191,8443,2.2,FR,CDG,123.32,138.69
152.228.134.60,152.228.134.60,443,2.2,FR,FRA,134.21,152.23
51.91.250.183,51.91.250.183,8443,2.19,FR,CDG,135.74,208.67
37.59.96.50,37.59.96.50,8443,2.18,FR,CDG,124.15,139.55
51.91.255.197,51.91.255.197,8443,2.18,FR,CDG,126.76,141.13
51.91.254.100,51.91.254.100,8443,2.16,FR,CDG,124.84,140.05
51.91.251.43,51.91.251.43,443,2.16,FR,CDG,132.84,141.05
51.91.248.99,51.91.248.99,443,2.13,FR,CDG,126.94,143.34
185.10.18.238,185.10.18.238,443,2.12,FR,CDG,127.36,135.44
51.77.141.117,51.77.141.117,443,2.11,FR,FRA,136.47,150.27
51.91.252.191,51.91.252.191,443,2.1,FR,CDG,124.12,138.76
51.91.254.177,51.91.254.177,443,2.1,FR,CDG,128.26,141.58
51.91.249.45,51.91.249.45,443,2.08,FR,CDG,131.78,147.98
51.91.251.43,51.91.251.43,8443,2.02,FR,CDG,125.32,136.51
51.91.253.245,51.91.253.245,443,2.01,FR,CDG,132.78,132.1
51.91.249.45,51.91.249.45,8443,2.0,FR,CDG,124.31,139.96
62.84.183.222,62.84.183.222,443,2.0,FR,CDG,130.93,153.58
51.91.252.174,51.91.252.174,443,2.0,FR,CDG,127.36,140.91
51.91.253.174,51.91.253.174,443,2.0,FR,CDG,126.81,134.02
51.91.251.37,51.91.251.37,443,2.0,FR,CDG,129.88,141.03
51.91.248.157,51.91.248.157,8443,1.99,FR,CDG,126.48,144.35
51.91.255.121,51.91.255.121,443,1.98,FR,CDG,125.76,138.06
51.91.249.209,51.91.249.209,443,1.98,FR,CDG,132.78,137.82
51.91.251.37,51.91.251.37,8443,1.97,FR,CDG,125.07,138.43
152.228.135.5,152.228.135.5,443,1.97,FR,FRA,138.16,158.0
37.59.96.25,37.59.96.25,8443,1.96,FR,CDG,125.68,150.57
51.91.249.209,51.91.249.209,8443,1.91,FR,CDG,129.04,141.88
51.91.252.174,51.91.252.174,8443,1.87,FR,CDG,124.93,140.67
51.91.248.157,51.91.248.157,443,1.85,FR,CDG,129.82,142.15
51.91.254.97,51.91.254.97,8443,1.82,FR,CDG,129.93,146.12
37.59.96.50,37.59.96.50,443,1.75,FR,CDG,128.41,144.74
152.228.135.5,152.228.135.5,8443,1.59,FR,FRA,160.21,152.42
147.90.26.59,23.168.88.86,443,1.43,FR,CDG,229.56,233.39
147.90.26.40,23.168.88.41,443,1.42,FR,CDG,239.2,243.25
147.90.26.13,23.168.88.8,443,1.38,FR,CDG,236.16,247.59
147.90.26.45,23.168.88.4,443,1.36,FR,CDG,242.54,251.03
147.90.26.51,23.168.88.97,443,1.3,FR,CDG,246.47,250.31
147.90.26.14,23.168.88.91,443,1.27,FR,CDG,230.37,244.56
147.90.26.30,23.168.88.151,443,1.27,FR,CDG,251.45,243.98
147.90.26.73,23.168.88.222,443,1.25,FR,CDG,226.86,234.31
147.90.26.33,23.168.88.246,443,1.25,FR,CDG,249.0,248.45
147.90.26.27,23.168.88.204,443,1.23,FR,CDG,229.25,235.7
147.90.26.57,23.168.88.183,443,1.22,FR,CDG,228.99,236.89
147.90.26.64,23.168.88.155,443,1.22,FR,CDG,236.0,250.1
147.90.26.22,23.168.88.76,443,1.21,FR,CDG,227.11,235.61
147.90.26.41,23.168.88.35,443,1.2,FR,CDG,232.84,244.74
147.90.26.91,23.168.88.110,443,1.19,FR,CDG,250.76,262.7
147.90.26.16,23.168.88.186,443,1.19,FR,CDG,231.96,236.98
147.90.26.6,23.168.88.184,443,1.18,FR,CDG,241.06,247.43
147.90.26.26,23.168.88.103,443,1.18,FR,CDG,239.34,245.4
147.90.26.68,23.168.88.192,443,1.16,FR,CDG,245.65,258.93
147.90.26.70,23.168.88.127,443,1.07,FR,CDG,226.32,234.86
147.90.26.37,23.168.88.31,443,1.06,FR,CDG,236.62,242.61
147.90.26.17,23.168.88.174,443,1.06,FR,CDG,235.22,243.01
147.90.26.11,23.168.88.24,443,1.05,FR,CDG,238.21,251.8
147.90.26.87,23.168.88.25,443,1.05,FR,CDG,232.89,240.89
147.90.26.84,23.168.88.239,443,1.05,FR,CDG,244.48,245.02
147.90.26.38,23.168.88.148,443,1.04,FR,CDG,239.74,244.97
147.90.26.77,23.168.88.81,443,1.03,FR,CDG,233.54,241.31
147.90.26.4,23.168.88.172,443,1.03,FR,CDG,230.35,237.44
57.128.183.35,57.128.183.35,443,7.87,GB,LHR,135.36,154.51
57.128.181.89,57.128.181.89,8443,7.31,GB,LHR,120.18,218.22
57.128.176.87,57.128.176.87,8443,6.55,GB,LHR,177.54,147.62
18.134.196.127,18.134.196.127,443,6.45,GB,LHR,132.21,172.34
57.128.178.164,57.128.178.164,8443,6.13,GB,LHR,120.93,126.4
57.128.177.198,57.128.177.198,8443,6.04,GB,LHR,121.14,134.13
213.1.145.50,213.1.145.4,443,5.66,GB,LHR,126.85,145.4
185.122.167.228,185.122.167.228,443,5.58,GB,LHR,126.35,170.66
57.128.183.40,57.128.183.40,8443,5.57,GB,LHR,119.61,122.69
57.129.137.210,57.129.137.210,8443,5.5,GB,LHR,119.69,124.97
57.129.137.244,57.129.137.244,8443,5.48,GB,LHR,118.16,129.32
178.62.27.74,178.62.27.74,443,5.48,GB,LHR,122.49,133.46
57.128.176.82,57.128.176.82,8443,5.28,GB,LHR,124.57,129.69
35.176.187.206,35.176.187.206,443,5.27,GB,LHR,126.12,131.1
57.128.176.37,57.128.176.37,443,5.18,GB,LHR,121.7,134.1
57.128.177.191,57.128.177.191,443,5.17,GB,LHR,127.95,134.11
18.170.77.148,18.170.77.148,443,5.17,GB,LHR,133.36,138.16
57.129.137.68,57.129.137.68,8443,5.16,GB,LHR,139.88,138.02
132.145.46.142,132.145.46.142,443,5.15,GB,LHR,122.44,128.02
57.129.137.228,57.129.137.228,8443,5.15,GB,LHR,116.55,126.14
57.128.182.21,57.128.182.21,443,5.13,GB,LHR,131.06,142.71
92.246.136.38,2a0b:4140:4cc8::2,443,5.1,GB,FRA,138.38,148.32
159.65.19.63,159.65.19.63,443,5.07,GB,LHR,124.37,132.43
57.129.137.219,57.129.137.219,443,5.06,GB,LHR,135.7,128.34
104.194.146.86,104.194.146.86,443,5.03,GB,LHR,119.45,125.91
213.165.88.177,213.165.88.177,443,4.97,GB,LHR,121.76,144.45
57.129.137.83,57.129.137.83,8443,4.91,GB,LHR,120.07,158.58
57.128.176.87,57.128.176.87,443,4.9,GB,LHR,125.22,148.91
57.129.137.224,57.129.137.224,443,4.89,GB,LHR,124.14,138.5
57.128.177.206,57.128.177.206,8443,4.88,GB,LHR,125.36,129.45
57.129.137.199,57.129.137.199,8443,4.87,GB,LHR,121.2,137.19
57.129.137.229,57.129.137.229,443,4.83,GB,LHR,118.98,140.44
57.129.137.68,57.129.137.68,443,4.8,GB,LHR,123.8,132.65
57.128.181.219,57.128.181.219,8443,4.76,GB,LHR,118.81,124.65
57.129.137.86,57.129.137.86,8443,4.73,GB,LHR,132.39,239.87
57.128.183.35,57.128.183.35,8443,4.73,GB,LHR,134.91,161.35
57.128.183.3,57.128.183.3,8443,4.71,GB,LHR,121.45,126.59
103.13.208.242,103.13.208.242,443,4.71,GB,LHR,118.86,129.46
57.128.181.24,57.128.181.24,443,4.7,GB,LHR,119.86,136.73
57.129.137.223,57.129.137.223,443,4.66,GB,LHR,120.59,127.08
57.128.181.221,57.128.181.221,443,4.64,GB,LHR,119.8,130.4
57.128.178.79,57.128.178.79,443,4.63,GB,LHR,126.12,138.56
57.128.181.247,57.128.181.247,443,4.63,GB,LHR,116.48,124.19
57.129.137.96,57.129.137.96,443,4.59,GB,LHR,122.59,125.82
57.129.137.223,57.129.137.223,8443,4.58,GB,LHR,116.05,124.08
57.128.181.247,57.128.181.247,8443,4.56,GB,LHR,118.96,126.56
57.129.137.214,57.129.137.214,443,4.55,GB,LHR,118.7,125.01
57.129.137.213,57.129.137.213,8443,4.54,GB,LHR,196.79,191.78
57.129.137.238,57.129.137.238,8443,4.51,GB,LHR,133.28,141.76
57.128.177.206,57.128.177.206,443,4.51,GB,LHR,127.05,124.85
217.154.53.220,217.154.53.220,443,4.51,GB,LHR,124.28,138.73
57.128.176.149,57.128.176.149,8443,4.49,GB,LHR,118.98,137.32
109.169.76.23,109.169.76.23,443,4.49,GB,LHR,123.59,151.82
57.129.137.83,57.129.137.83,443,4.47,GB,LHR,158.79,224.72
57.128.177.218,57.128.177.218,443,4.47,GB,LHR,125.34,128.36
57.129.137.93,57.129.137.93,8443,4.47,GB,LHR,119.63,124.34
57.129.137.57,57.129.137.57,8443,4.42,GB,LHR,119.88,127.48
57.128.178.63,57.128.178.63,8443,4.42,GB,LHR,130.4,164.74
57.129.137.85,57.129.137.85,443,4.42,GB,LHR,123.95,133.33
57.128.183.138,57.128.183.138,443,4.41,GB,LHR,124.85,129.18
57.128.181.82,57.128.181.82,443,4.39,GB,LHR,120.04,133.75
57.129.137.197,57.129.137.197,443,4.39,GB,LHR,124.12,128.88
57.128.177.235,57.128.177.235,443,4.39,GB,LHR,123.51,127.56
57.129.137.87,57.129.137.87,8443,4.39,GB,LHR,137.54,129.09
57.129.137.221,57.129.137.221,8443,4.38,GB,LHR,124.39,134.16
57.128.178.164,57.128.178.164,443,4.37,GB,LHR,126.64,138.2
57.129.137.87,57.129.137.87,443,4.37,GB,LHR,119.93,127.28
57.128.183.79,57.128.183.79,443,4.36,GB,LHR,120.4,129.45
57.129.137.211,57.129.137.211,443,4.35,GB,LHR,119.71,137.23
57.129.137.245,57.129.137.245,8443,4.33,GB,LHR,119.51,126.38
57.128.177.176,57.128.177.176,8443,4.33,GB,LHR,122.49,128.29
57.128.177.218,57.128.177.218,8443,4.31,GB,LHR,120.85,129.35
57.129.137.51,57.129.137.51,443,4.3,GB,LHR,122.25,134.73
34.39.62.53,34.39.62.53,443,4.29,GB,LHR,125.06,136.41
57.128.183.13,57.128.183.13,8443,4.29,GB,LHR,122.93,128.57
57.128.183.6,57.128.183.6,8443,4.29,GB,LHR,147.12,149.67
57.129.137.82,57.129.137.82,443,4.28,GB,LHR,132.38,138.07
57.129.137.216,57.129.137.216,443,4.27,GB,LHR,123.72,125.31
57.128.183.248,57.128.183.248,8443,4.27,GB,LHR,118.6,134.35
57.129.137.243,57.129.137.243,443,4.27,GB,LHR,120.52,128.12
57.129.137.205,57.129.137.205,8443,4.27,GB,LHR,121.38,126.22
57.128.180.238,57.128.180.238,443,4.26,GB,LHR,120.27,127.0
57.129.137.220,57.129.137.220,8443,4.26,GB,LHR,122.05,124.69
217.154.53.220,217.154.53.220,8443,4.24,GB,LHR,123.3,135.29
57.129.137.240,57.129.137.240,8443,4.22,GB,LHR,124.84,132.73
57.129.137.227,57.129.137.227,8443,4.21,GB,LHR,120.77,126.87
57.129.137.66,57.129.137.66,8443,4.21,GB,LHR,119.57,126.06
57.129.137.202,57.129.137.202,443,4.21,GB,LHR,123.65,129.92
57.129.137.57,57.129.137.57,443,4.17,GB,LHR,126.37,132.43
57.129.137.90,57.129.137.90,443,4.16,GB,LHR,120.54,125.98
57.128.183.79,57.128.183.79,8443,4.16,GB,LHR,121.06,129.79
57.129.137.64,57.129.137.64,443,4.16,GB,LHR,123.58,129.98
57.129.137.197,57.129.137.197,8443,4.16,GB,LHR,126.51,135.44
57.128.179.9,57.128.179.9,8443,4.16,GB,LHR,126.18,129.78
57.129.137.65,57.129.137.65,443,4.15,GB,LHR,131.63,140.99
57.128.182.255,57.128.182.255,8443,4.14,GB,LHR,121.54,143.96
57.128.183.138,57.128.183.138,8443,4.14,GB,LHR,124.05,128.88
57.129.137.196,57.129.137.196,443,4.13,GB,LHR,131.01,132.19
57.128.178.183,57.128.178.183,8443,4.13,GB,LHR,124.55,141.68
57.128.179.45,57.128.179.45,443,4.12,GB,LHR,128.07,147.18
57.128.181.219,57.128.181.219,443,4.12,GB,LHR,118.65,125.32
57.129.137.216,57.129.137.216,8443,4.12,GB,LHR,122.48,127.82
57.128.180.98,57.128.180.98,443,4.12,GB,LHR,134.71,144.78
57.128.181.18,57.128.181.18,443,4.12,GB,LHR,132.56,136.4
57.129.137.196,57.129.137.196,8443,4.11,GB,LHR,123.7,133.89
57.128.179.189,57.128.179.189,443,4.11,GB,LHR,120.19,124.93
57.128.177.176,57.128.177.176,443,4.11,GB,LHR,127.03,135.72
57.128.183.245,57.128.183.245,8443,4.1,GB,LHR,126.16,128.78
57.129.137.64,57.129.137.64,8443,4.1,GB,LHR,119.19,128.02
57.129.137.238,57.129.137.238,443,4.1,GB,LHR,126.09,133.13
57.129.137.202,57.129.137.202,8443,4.1,GB,LHR,119.95,125.68
57.129.137.84,57.129.137.84,8443,4.09,GB,LHR,122.12,146.98
57.128.178.122,57.128.178.122,443,4.08,GB,LHR,124.09,129.27
57.128.181.89,57.128.181.89,443,4.08,GB,LHR,129.75,193.45
57.128.177.172,57.128.177.172,8443,4.08,GB,LHR,118.46,124.87
57.129.137.65,57.129.137.65,8443,4.08,GB,LHR,130.59,154.82
57.128.180.133,57.128.180.133,8443,4.08,GB,LHR,126.55,122.92
57.129.137.210,57.129.137.210,443,4.08,GB,LHR,123.77,129.19
57.129.137.228,57.129.137.228,443,4.07,GB,LHR,120.84,136.14
57.129.137.235,57.129.137.235,8443,4.06,GB,LHR,126.57,139.6
57.129.137.86,57.129.137.86,443,4.05,GB,LHR,130.13,180.3
57.128.183.77,57.128.183.77,8443,4.05,GB,LHR,118.88,126.66
57.129.137.66,57.129.137.66,443,4.05,GB,LHR,124.01,131.21
57.129.137.82,57.129.137.82,8443,4.05,GB,LHR,124.17,132.07
57.129.137.220,57.129.137.220,443,4.05,GB,LHR,132.87,131.99
57.129.137.240,57.129.137.240,443,4.04,GB,LHR,119.24,128.69
57.129.137.232,57.129.137.232,443,4.02,GB,LHR,130.43,133.86
57.129.137.96,57.129.137.96,8443,4.02,GB,LHR,122.21,131.94
57.128.178.122,57.128.178.122,8443,4.01,GB,LHR,119.85,125.04
57.129.137.58,57.129.137.58,443,4.01,GB,LHR,118.77,126.2
57.128.176.147,57.128.176.147,8443,4.01,GB,LHR,120.35,137.1
57.129.137.93,57.129.137.93,443,4.01,GB,LHR,122.31,126.44
57.128.179.45,57.128.179.45,8443,3.98,GB,LHR,128.5,126.29
57.129.137.214,57.129.137.214,8443,3.98,GB,LHR,118.83,128.98
185.66.164.51,185.66.164.4,443,3.96,GB,LHR,121.64,127.82
57.129.137.206,57.129.137.206,8443,3.94,GB,LHR,128.28,134.65
57.128.183.3,57.128.183.3,443,3.93,GB,LHR,119.93,127.53
57.129.137.55,57.129.137.55,443,3.93,GB,LHR,126.71,136.84
57.129.137.62,57.129.137.62,443,3.92,GB,LHR,120.73,127.81
57.129.137.226,57.129.137.226,443,3.92,GB,LHR,121.03,130.3
57.129.137.61,57.129.137.61,443,3.91,GB,LHR,121.12,131.51
57.129.137.61,57.129.137.61,8443,3.91,GB,LHR,124.48,129.9
57.128.182.255,57.128.182.255,443,3.9,GB,LHR,119.69,147.11
57.128.183.82,57.128.183.82,443,3.9,GB,LHR,130.53,132.53
57.128.179.189,57.128.179.189,8443,3.89,GB,LHR,125.17,132.06
57.129.137.67,57.129.137.67,8443,3.88,GB,LHR,129.66,150.4
57.128.181.18,57.128.181.18,8443,3.88,GB,LHR,123.53,126.82
57.129.137.235,57.129.137.235,443,3.87,GB,LHR,127.04,140.69
57.129.137.62,57.129.137.62,8443,3.86,GB,LHR,118.83,126.93
57.129.137.84,57.129.137.84,443,3.85,GB,LHR,125.64,134.69
57.128.180.238,57.128.180.238,8443,3.84,GB,LHR,125.63,126.64
57.129.137.90,57.129.137.90,8443,3.84,GB,LHR,123.29,128.52
57.128.179.9,57.128.179.9,443,3.84,GB,LHR,128.95,130.71
57.129.137.221,57.129.137.221,443,3.83,GB,LHR,122.91,139.1
57.129.137.212,57.129.137.212,8443,3.82,GB,LHR,122.12,138.68
57.129.137.234,57.129.137.234,443,3.82,GB,LHR,119.81,126.61
57.129.137.242,57.129.137.242,8443,3.8,GB,LHR,118.77,127.08
57.128.183.77,57.128.183.77,443,3.8,GB,LHR,123.39,132.87
57.128.178.42,57.128.178.42,443,3.8,GB,LHR,119.73,138.86
57.129.137.208,57.129.137.208,443,3.79,GB,LHR,120.55,127.14
57.129.137.201,57.129.137.201,443,3.79,GB,LHR,134.74,133.02
57.128.178.196,57.128.178.196,443,3.78,GB,LHR,155.7,139.75
57.128.177.185,57.128.177.185,443,3.77,GB,LHR,119.67,130.01
57.129.137.241,57.129.137.241,8443,3.75,GB,LHR,118.74,126.55
57.128.183.107,57.128.183.107,8443,3.74,GB,LHR,123.18,130.57
57.129.137.199,57.129.137.199,443,3.73,GB,LHR,124.13,131.34
57.128.178.79,57.128.178.79,8443,3.72,GB,LHR,124.63,126.96
57.129.137.225,57.129.137.225,8443,3.71,GB,LHR,122.42,127.44
57.128.178.183,57.128.178.183,443,3.71,GB,LHR,119.0,122.9
57.128.177.191,57.128.177.191,8443,3.71,GB,LHR,120.04,128.31
57.129.137.201,57.129.137.201,8443,3.7,GB,LHR,129.31,129.89
57.128.180.133,57.128.180.133,443,3.7,GB,LHR,132.52,127.91
57.128.177.198,57.128.177.198,443,3.69,GB,LHR,123.97,138.95
57.128.183.142,57.128.183.142,8443,3.69,GB,LHR,125.94,129.53
57.128.183.59,57.128.183.59,8443,3.69,GB,LHR,124.82,128.51
87.106.65.110,87.106.65.110,443,3.68,GB,LHR,126.75,148.97
57.129.137.206,57.129.137.206,443,3.67,GB,LHR,126.72,141.15
57.129.137.89,57.129.137.89,443,3.67,GB,LHR,120.86,129.18
57.128.183.245,57.128.183.245,443,3.66,GB,LHR,130.45,136.7
57.128.177.203,57.128.177.203,443,3.65,GB,LHR,123.53,134.36
57.129.137.85,57.129.137.85,8443,3.65,GB,LHR,125.27,131.3
57.128.176.147,57.128.176.147,443,3.62,GB,LHR,121.43,139.37
57.128.182.61,57.128.182.61,443,3.61,GB,LHR,122.18,127.14
57.128.183.40,57.128.183.40,443,3.6,GB,LHR,119.51,128.41
57.129.137.50,57.129.137.50,443,3.6,GB,LHR,123.46,129.47
57.129.137.54,57.129.137.54,8443,3.59,GB,LHR,125.17,133.53
57.129.137.224,57.129.137.224,8443,3.58,GB,LHR,123.69,141.09
57.129.137.245,57.129.137.245,443,3.58,GB,LHR,118.93,127.54
57.128.177.172,57.128.177.172,443,3.58,GB,LHR,118.69,126.66
57.129.137.233,57.129.137.233,443,3.57,GB,LHR,119.44,125.69
85.159.229.122,85.159.229.122,443,3.57,GB,DUB,131.27,139.02
57.129.137.219,57.129.137.219,8443,3.57,GB,LHR,132.84,128.6
57.129.137.79,57.129.137.79,443,3.56,GB,LHR,123.38,127.41
57.129.137.63,57.129.137.63,443,3.55,GB,LHR,127.23,137.46
57.129.137.232,57.129.137.232,8443,3.55,GB,LHR,118.99,129.6
84.8.145.58,84.8.145.58,443,3.55,GB,LHR,121.0,156.83
57.129.137.71,57.129.137.71,8443,3.55,GB,LHR,125.29,140.27
57.128.183.107,57.128.183.107,443,3.54,GB,LHR,126.07,131.93
57.129.137.229,57.129.137.229,8443,3.53,GB,LHR,124.82,131.68
57.128.181.24,57.128.181.24,8443,3.53,GB,LHR,121.42,140.11
57.129.137.54,57.129.137.54,443,3.53,GB,LHR,123.12,126.62
57.129.137.205,57.129.137.205,443,3.53,GB,LHR,120.73,126.65
57.129.137.69,57.129.137.69,8443,3.52,GB,LHR,121.17,126.6
57.129.137.231,57.129.137.231,8443,3.49,GB,LHR,124.57,132.83
57.129.137.200,57.129.137.200,443,3.47,GB,LHR,123.55,129.03
57.128.176.37,57.128.176.37,8443,3.47,GB,LHR,125.67,135.14
57.129.137.207,57.129.137.207,443,3.45,GB,LHR,122.55,139.89
57.128.180.80,57.128.180.80,443,3.45,GB,LHR,120.14,126.69
57.129.137.51,57.129.137.51,8443,3.45,GB,LHR,123.13,138.14
57.128.181.26,57.128.181.26,8443,3.45,GB,LHR,132.24,147.89
57.129.137.69,57.129.137.69,443,3.44,GB,LHR,119.71,126.67
57.129.137.241,57.129.137.241,443,3.44,GB,LHR,123.49,126.57
57.128.177.235,57.128.177.235,8443,3.43,GB,LHR,122.55,125.23
57.128.176.90,57.128.176.90,443,3.43,GB,LHR,122.06,197.7
57.128.178.196,57.128.178.196,8443,3.39,GB,LHR,125.27,134.31
57.129.137.79,57.129.137.79,8443,3.39,GB,LHR,127.9,127.84
57.129.137.227,57.129.137.227,443,3.39,GB,LHR,130.63,132.05
57.128.177.203,57.128.177.203,8443,3.38,GB,LHR,120.75,142.11
57.129.137.200,57.129.137.200,8443,3.35,GB,LHR,123.47,131.16
57.128.180.98,57.128.180.98,8443,3.34,GB,LHR,121.45,130.6
57.129.137.77,57.129.137.77,8443,3.33,GB,LHR,119.5,124.42
57.128.180.80,57.128.180.80,8443,3.33,GB,LHR,125.55,131.83
57.129.137.231,57.129.137.231,443,3.33,GB,LHR,121.37,129.98
57.129.137.89,57.129.137.89,8443,3.32,GB,LHR,123.81,129.39
57.129.137.226,57.129.137.226,8443,3.3,GB,LHR,130.2,130.21
57.128.183.82,57.128.183.82,8443,3.27,GB,LHR,126.72,131.46
57.129.137.198,57.129.137.198,443,3.26,GB,LHR,138.68,148.44
57.129.137.230,57.129.137.230,443,3.24,GB,LHR,119.08,138.78
57.129.137.95,57.129.137.95,443,3.22,GB,LHR,121.46,130.73
57.128.177.185,57.128.177.185,8443,3.2,GB,LHR,121.33,142.36
57.129.137.222,57.129.137.222,8443,3.19,GB,LHR,120.44,145.94
57.128.183.108,57.128.183.108,8443,3.16,GB,LHR,131.1,123.02
57.128.181.91,57.128.181.91,443,3.15,GB,LHR,119.99,123.34
57.128.180.59,57.128.180.59,8443,3.14,GB,LHR,125.11,139.09
57.128.183.196,57.128.183.196,8443,3.14,GB,LHR,124.34,131.05
46.101.29.160,46.101.29.160,443,3.11,GB,LHR,123.71,128.57
57.129.137.71,57.129.137.71,443,3.07,GB,LHR,122.68,163.13
57.128.183.225,57.128.183.225,443,3.06,GB,LHR,120.86,134.29
57.128.176.82,57.128.176.82,443,3.06,GB,LHR,122.04,127.05
57.129.137.218,57.129.137.218,8443,3.0,GB,LHR,125.24,138.09
57.128.176.149,57.128.176.149,443,2.98,GB,LHR,127.77,146.47
57.129.137.72,57.129.137.72,443,2.97,GB,LHR,122.96,141.87
57.129.137.78,57.129.137.78,8443,2.94,GB,LHR,125.27,130.76
57.128.183.248,57.128.183.248,443,2.94,GB,LHR,119.47,138.81
57.129.137.72,57.129.137.72,8443,2.93,GB,LHR,130.79,138.65
57.128.181.221,57.128.181.221,8443,2.93,GB,LHR,130.52,132.73
57.129.137.50,57.129.137.50,8443,2.93,GB,LHR,120.26,127.31
57.129.137.225,57.129.137.225,443,2.92,GB,LHR,120.46,125.11
57.129.137.63,57.129.137.63,8443,2.91,GB,LHR,119.08,129.11
57.128.179.111,57.128.179.111,443,2.89,GB,LHR,118.16,130.01
57.129.137.53,57.129.137.53,443,2.87,GB,LHR,125.15,129.02
141.147.114.60,141.147.114.60,443,2.87,GB,LHR,118.0,127.87
57.128.183.196,57.128.183.196,443,2.83,GB,LHR,122.88,129.58
79.72.91.32,79.72.91.32,443,2.8,GB,LHR,127.1,123.3
57.128.182.27,57.128.182.27,8443,2.77,GB,LHR,120.14,123.64
57.128.181.125,57.128.181.125,8443,2.76,GB,LHR,120.61,127.48
57.129.137.80,57.129.137.80,443,2.76,GB,LHR,127.22,137.02
57.129.137.55,57.129.137.55,8443,2.76,GB,LHR,120.38,132.79
57.129.137.49,57.129.137.49,8443,2.74,GB,LHR,122.89,138.26
57.128.183.214,57.128.183.214,8443,2.74,GB,LHR,122.86,128.37
57.128.181.26,57.128.181.26,443,2.74,GB,LHR,130.51,142.23
57.128.178.42,57.128.178.42,8443,2.73,GB,LHR,120.18,129.1
57.128.183.214,57.128.183.214,443,2.72,GB,LHR,119.67,125.16
57.129.137.244,57.129.137.244,443,2.7,GB,LHR,128.32,131.31
57.128.178.63,57.128.178.63,443,2.69,GB,LHR,138.13,168.58
57.129.137.213,57.129.137.213,443,2.69,GB,LHR,163.06,254.17
213.165.84.165,213.165.84.165,443,2.68,GB,LHR,151.57,149.16
57.128.181.82,57.128.181.82,8443,2.67,GB,LHR,121.84,134.11
57.129.137.237,57.129.137.237,443,2.66,GB,LHR,129.52,131.07
57.129.137.198,57.129.137.198,8443,2.66,GB,LHR,128.99,132.85
57.129.137.218,57.129.137.218,443,2.66,GB,LHR,120.52,131.81
57.128.182.27,57.128.182.27,443,2.65,GB,LHR,118.95,127.0
57.128.183.6,57.128.183.6,443,2.63,GB,LHR,139.15,147.76
57.129.137.80,57.129.137.80,8443,2.62,GB,LHR,119.69,128.52
57.129.137.233,57.129.137.233,8443,2.61,GB,LHR,123.48,130.83
57.129.137.234,57.129.137.234,8443,2.61,GB,LHR,126.54,125.4
57.129.137.212,57.129.137.212,443,2.6,GB,LHR,123.08,129.86
57.128.182.21,57.128.182.21,8443,2.59,GB,LHR,142.55,137.79
57.128.182.61,57.128.182.61,8443,2.59,GB,LHR,123.86,132.14
57.128.176.90,57.128.176.90,8443,2.59,GB,LHR,119.43,198.2
57.128.183.108,57.128.183.108,443,2.58,GB,LHR,129.37,129.56
57.129.137.208,57.129.137.208,8443,2.55,GB,LHR,122.46,138.76
57.129.137.53,57.129.137.53,8443,2.55,GB,LHR,122.76,126.5
57.129.137.58,57.129.137.58,8443,2.55,GB,LHR,124.65,127.01
57.129.137.211,57.129.137.211,8443,2.54,GB,LHR,122.49,135.46
57.129.137.49,57.129.137.49,443,2.53,GB,LHR,121.74,133.32
57.129.137.237,57.129.137.237,8443,2.52,GB,LHR,125.8,127.42
57.129.137.243,57.129.137.243,8443,2.52,GB,LHR,123.64,126.94
57.129.137.78,57.129.137.78,443,2.51,GB,LHR,143.69,131.41
57.128.181.91,57.128.181.91,8443,2.51,GB,LHR,124.21,126.25
57.129.137.73,57.129.137.73,8443,2.49,GB,LHR,125.6,139.83
57.128.183.59,57.128.183.59,443,2.46,GB,LHR,125.58,130.4
57.129.137.203,57.129.137.203,443,2.42,GB,LHR,134.01,122.67
57.128.179.111,57.128.179.111,8443,2.41,GB,LHR,119.19,129.26
57.129.137.203,57.129.137.203,8443,2.4,GB,LHR,129.04,134.63
57.128.182.76,57.128.182.76,443,2.4,GB,LHR,120.38,124.51
57.129.137.77,57.129.137.77,443,2.39,GB,LHR,118.06,123.8
57.128.183.13,57.128.183.13,443,2.37,GB,LHR,123.26,132.57
57.129.137.242,57.129.137.242,443,2.36,GB,LHR,119.93,128.5
57.128.183.142,57.128.183.142,443,2.29,GB,LHR,132.08,135.35
57.129.137.60,57.129.137.60,443,2.28,GB,LHR,131.7,130.7
57.129.137.222,57.129.137.222,443,2.26,GB,LHR,126.79,134.32
57.129.137.209,57.129.137.209,8443,2.26,GB,LHR,126.16,131.6
57.128.183.225,57.128.183.225,8443,2.26,GB,LHR,122.84,125.92
57.129.137.207,57.129.137.207,8443,2.25,GB,LHR,116.17,131.73
57.128.182.76,57.128.182.76,8443,2.25,GB,LHR,120.24,124.32
57.129.137.73,57.129.137.73,443,2.23,GB,LHR,123.8,131.52
57.129.137.67,57.129.137.67,443,2.19,GB,LHR,125.89,144.88
57.129.137.94,57.129.137.94,443,2.16,GB,LHR,126.58,134.3
57.128.181.125,57.128.181.125,443,2.14,GB,LHR,125.46,136.72
57.128.183.90,57.128.183.90,8443,2.14,GB,LHR,118.51,134.09
57.128.180.59,57.128.180.59,443,2.09,GB,LHR,119.11,124.57
57.129.137.60,57.129.137.60,8443,2.09,GB,LHR,122.68,125.32
57.129.137.230,57.129.137.230,8443,2.05,GB,LHR,120.01,130.54
57.128.183.90,57.128.183.90,443,2.01,GB,LHR,118.77,144.7
57.129.137.94,57.129.137.94,8443,1.99,GB,LHR,119.42,125.9
57.129.137.209,57.129.137.209,443,1.89,GB,LHR,121.03,126.43
89.169.34.99,2a0b:4140:9568::2,443,1.83,GB,FRA,163.63,220.18
57.129.137.95,57.129.137.95,8443,1.82,GB,LHR,128.47,131.66
91.149.238.31,91.149.238.31,443,1.73,GB,LHR,229.52,237.65
57.128.182.234,57.128.182.234,8443,1.68,GB,LHR,120.41,127.25
57.128.182.234,57.128.182.234,443,1.65,GB,LHR,125.06,140.19
91.227.62.67,69.42.213.67,443,1.05,GB,LHR,241.55,239.75
43.168.16.112,43.175.120.120,443,5.35,HK,HKG,182.98,188.38
217.60.38.113,2a13:7c00:7:5:f816:3eff:fe42:4f20,443,2.93,HK,HKG,188.38,202.15
23.156.153.57,23.156.153.57,443,2.52,HK,HKG,161.0,166.09
216.236.38.234,2404:c140:1f00:1e::12b2,443,2.38,HK,HKG,160.8,167.17
176.98.181.71,176.98.181.71,443,2.34,HK,HKG,167.07,171.98
47.239.4.246,47.239.4.246,2053,2.28,HK,HKG,160.19,169.97
95.40.61.115,95.40.61.115,443,2.25,HK,HKG,181.6,170.68
205.189.160.29,205.189.160.29,443,2.23,HK,HKG,162.53,168.59
47.239.4.246,47.239.4.246,8443,2.15,HK,HKG,160.46,168.13
165.154.20.213,165.154.20.213,443,2.02,HK,HKG,162.03,291.2
47.239.4.246,47.239.4.246,443,1.99,HK,HKG,159.99,168.65
45.38.42.11,2a13:7c00:7:4:f816:3eff:feea:f41,443,1.87,HK,HKG,187.22,193.36
45.38.60.139,2a13:7c00:7:8:f816:3eff:fe2e:b15e,443,1.82,HK,HKG,165.66,172.91
159.138.138.87,159.138.138.87,443,1.82,HK,HKG,160.55,169.61
23.141.52.169,23.141.52.169,443,1.35,HK,HKG,181.52,178.23
216.10.243.159,43.225.54.7,443,1.26,IN,BOM,225.8,230.66
103.111.114.87,103.111.114.87,443,1.25,IN,BOM,232.48,234.29
172.236.187.52,172.236.187.52,443,1.12,IN,BOM,231.38,242.52
129.154.251.13,129.154.251.13,443,1.1,IN,BOM,235.87,243.99
143.110.247.61,143.110.247.61,2053,1.06,IN,BLR,243.23,248.44
43.170.8.95,43.175.16.79,443,10.03,JP,NRT,121.55,146.05
178.157.58.126,178.157.58.126,443,4.59,JP,KIX,125.74,135.81
168.138.46.67,168.138.46.67,443,4.06,JP,KIX,132.69,132.43
8.222.185.236,8.221.173.53,443,3.63,JP,NRT,199.29,300.04
8.219.155.125,8.221.173.55,443,3.53,JP,NRT,190.09,312.22
8.222.193.153,8.221.172.5,443,3.15,JP,NRT,189.58,272.29
8.219.195.31,8.221.172.5,443,2.8,JP,NRT,196.56,286.52
89.125.244.195,89.125.244.195,443,1.65,JP,NRT,167.38,175.89
149.28.21.106,149.28.21.106,443,1.54,JP,NRT,122.68,134.44
89.125.244.207,89.125.244.207,443,1.42,JP,NRT,167.47,175.62
211.49.57.175,211.49.57.175,443,4.16,KR,ICN,149.3,147.56
211.49.57.178,211.49.57.178,443,3.97,KR,ICN,225.67,184.66
118.218.10.159,118.218.10.159,443,3.78,KR,ICN,148.55,147.26
158.247.198.196,2401:c080:1c02:7e:5400:6ff:fe23:b6e5,443,3.35,KR,ICN,141.55,150.19
211.49.57.161,211.49.57.161,443,3.33,KR,ICN,150.52,157.27
64.110.70.64,2603:c022:8001:6c11:bf03:707a:ed83:fcb6,443,3.2,KR,ICN,156.14,162.07
211.49.57.179,211.49.57.179,443,2.85,KR,ICN,157.54,160.76
140.238.17.157,2603:c022:800d:d100::aaaa,443,2.64,KR,ICN,165.53,169.71
123.111.169.70,123.111.169.70,8443,2.63,KR,ICN,144.29,145.37
161.118.158.9,161.118.158.9,443,2.55,KR,ICN,164.89,168.88
158.180.71.69,158.180.71.69,443,2.36,KR,ICN,163.41,180.52
123.111.169.70,123.111.169.70,2087,2.33,KR,ICN,150.12,147.75
123.111.169.70,123.111.169.70,2083,2.27,KR,ICN,144.6,146.18
158.247.199.106,158.247.199.106,443,2.07,KR,ICN,148.24,148.67
103.133.240.115,103.133.240.115,443,2.07,KR,ICN,148.72,156.19
123.111.169.70,123.111.169.70,2096,1.81,KR,ICN,146.18,145.88
123.111.169.70,123.111.169.70,443,1.72,KR,ICN,145.86,147.61
119.205.235.58,119.205.235.58,443,1.71,KR,ICN,190.4,203.87
129.154.50.159,2603:c024:f:42bb:103e:2ba7:f6bc:66f7,443,1.62,KR,ICN,301.64,236.59
193.123.232.91,193.123.232.91,443,1.58,KR,ICN,195.34,199.87
146.56.188.74,146.56.188.74,443,1.47,KR,ICN,194.26,209.14
123.111.169.70,123.111.169.70,2053,1.44,KR,ICN,150.74,151.55
144.24.73.232,144.24.73.232,443,1.44,KR,ICN,194.45,203.88
193.123.233.175,193.123.233.175,443,1.31,KR,ICN,199.31,196.41
45.93.31.34,45.93.31.34,443,1.3,KR,ICN,149.03,143.72
146.56.180.103,146.56.180.103,443,1.06,KR,ICN,199.01,208.16
31.56.204.194,31.56.204.194,443,3.92,LV,RIX,148.75,152.64
31.58.46.87,31.58.46.87,443,3.9,LV,WAW,154.93,189.05
46.8.238.24,46.8.238.24,443,3.89,LV,RIX,147.72,163.75
94.183.190.163,94.183.190.163,443,3.87,LV,RIX,147.35,152.45
46.8.64.232,46.8.64.232,443,3.85,LV,RIX,170.31,159.87
188.92.78.188,188.92.78.188,443,3.84,LV,RIX,161.26,291.02
46.8.64.53,46.8.64.53,443,3.83,LV,RIX,155.19,162.01
45.38.139.79,45.38.139.79,443,3.79,LV,RIX,150.68,155.25
31.56.227.231,31.56.227.231,443,3.74,LV,ARN,154.09,171.29
31.57.92.60,31.57.92.60,443,3.72,LV,RIX,150.58,153.1
104.252.127.144,104.252.127.144,443,3.72,LV,RIX,147.05,159.81
217.60.60.38,217.60.60.38,443,3.67,LV,ARN,146.42,170.26
31.56.177.194,31.56.177.194,443,3.58,LV,ARN,157.78,170.16
45.91.193.118,45.91.193.118,443,3.53,LV,RIX,148.84,155.74
31.59.106.71,31.59.106.71,443,3.51,LV,RIX,148.93,158.77
109.248.163.151,109.248.163.151,443,3.5,LV,ARN,148.1,169.05
94.158.219.126,94.158.219.126,443,3.45,LV,VNO,150.17,170.66
217.145.79.186,217.145.79.186,2053,3.43,LV,RIX,145.75,159.77
46.8.232.233,46.8.232.233,443,3.39,LV,ARN,154.94,159.67
31.57.106.35,31.57.106.35,443,3.37,LV,ARN,145.42,163.61
213.21.222.117,213.21.222.117,443,3.33,LV,RIX,150.41,166.98
31.57.106.126,31.57.106.126,443,3.32,LV,RIX,146.35,152.6
94.183.190.104,94.183.190.104,443,3.31,LV,ARN,159.06,176.74
46.8.64.228,46.8.64.228,443,3.3,LV,RIX,151.17,155.72
31.57.62.124,31.57.62.124,443,3.28,LV,RIX,149.91,166.01
31.57.105.140,31.57.105.140,443,3.19,LV,ARN,149.69,184.59
193.164.155.38,193.164.155.38,443,3.14,LV,ARN,146.24,162.94
188.130.206.93,188.130.206.93,2053,3.08,LV,RIX,153.5,172.55
188.130.206.93,188.130.206.93,443,3.07,LV,ARN,155.35,177.39
188.253.23.155,188.253.23.155,443,3.06,LV,VNO,145.69,166.66
62.76.239.244,62.76.239.244,443,3.0,LV,ARN,156.28,207.4
109.248.163.191,109.248.163.191,443,3.0,LV,ARN,143.93,162.57
31.58.137.94,31.58.137.94,443,2.94,LV,ARN,147.22,173.11
31.57.158.134,31.57.158.134,443,2.93,LV,RIX,145.71,208.71
31.56.113.20,31.56.113.20,443,2.93,LV,RIX,149.7,153.51
213.155.12.173,213.155.12.173,443,2.89,LV,ARN,148.13,189.2
46.8.71.249,46.8.71.249,443,2.85,LV,ARN,144.18,167.64
109.206.236.211,109.206.236.211,443,2.79,LV,ARN,154.75,174.0
195.135.253.175,195.135.253.175,443,2.79,LV,VNO,143.9,172.87
193.164.155.48,193.164.155.48,443,2.78,LV,ARN,163.45,155.27
188.130.206.87,188.130.206.87,443,2.75,LV,RIX,149.61,160.57
193.68.89.220,193.68.89.220,443,2.67,LV,ARN,154.21,171.45
77.73.71.196,77.73.71.196,443,2.67,LV,VNO,151.9,255.47
46.21.80.141,46.21.80.141,443,2.63,LV,RIX,148.35,163.52
31.58.137.196,31.58.137.196,443,2.62,LV,ARN,152.38,173.92
193.68.89.220,193.68.89.220,8443,2.56,LV,ARN,146.8,156.52
31.57.105.51,31.57.105.51,443,2.54,LV,ARN,146.15,176.86
31.57.106.178,31.57.106.178,443,2.53,LV,RIX,151.17,146.77
31.56.206.215,31.56.206.215,443,2.51,LV,ARN,153.61,174.37
31.56.113.117,31.56.113.117,443,2.51,LV,RIX,150.94,156.46
193.164.155.76,193.164.155.76,443,2.5,LV,RIX,152.72,156.92
185.242.107.169,185.242.107.169,443,2.45,LV,ARN,151.14,182.9
188.130.154.155,188.130.154.155,443,2.43,LV,ARN,145.69,160.06
85.31.102.163,85.31.102.163,443,2.43,LV,RIX,146.17,152.79
217.147.15.82,217.147.15.82,443,2.42,LV,WAW,147.75,175.91
31.56.206.141,31.56.206.141,443,2.37,LV,RIX,156.04,156.28
45.43.76.227,45.43.76.227,443,2.3,LV,WAW,159.63,179.82
46.21.80.141,46.21.80.141,8443,2.26,LV,RIX,151.95,154.68
45.130.215.242,45.130.215.242,443,2.25,LV,ARN,157.06,164.6
31.59.41.159,31.59.41.159,443,2.23,LV,ARN,149.92,168.47
104.253.43.249,104.253.43.249,443,2.18,LV,RIX,208.23,230.02
45.130.215.242,45.130.215.242,2053,2.13,LV,ARN,152.85,163.6
31.56.206.141,31.56.206.141,8443,1.85,LV,ARN,155.07,164.88
91.197.1.119,91.197.1.119,443,1.62,LV,VNO,145.66,168.28
83.138.53.100,83.138.53.100,443,7.57,NL,AMS,131.92,127.24
194.58.47.105,194.58.47.105,443,6.61,NL,AMS,126.95,129.75
144.124.241.129,144.124.241.129,443,6.34,NL,AMS,147.53,150.25
45.85.117.30,45.85.117.30,443,6.29,NL,AMS,123.74,133.33
31.56.222.122,31.56.222.122,443,6.28,NL,AMS,129.06,142.19
138.226.220.60,138.226.220.60,443,6.19,NL,AMS,122.55,134.84
186.246.45.92,186.246.45.92,443,6.18,NL,AMS,118.39,123.17
136.244.111.237,136.244.111.237,443,6.13,NL,AMS,149.6,231.97
185.233.184.48,185.233.184.48,443,6.1,NL,AMS,153.62,185.59
194.135.38.140,194.135.38.140,443,6.03,NL,AMS,124.75,134.14
82.115.6.21,82.115.6.21,443,6.03,NL,AMS,120.55,130.05
23.94.220.233,23.94.220.233,443,5.87,NL,AMS,126.18,141.84
158.101.214.54,158.101.214.54,443,5.87,NL,AMS,122.27,142.48
186.190.213.227,186.190.213.5,443,5.79,NL,DUS,124.68,133.02
185.112.59.65,185.112.59.65,443,5.75,NL,AMS,137.6,142.31
109.176.207.168,109.176.207.168,443,5.71,NL,AMS,122.71,150.29
146.0.79.119,146.0.79.119,443,5.7,NL,AMS,125.17,135.53
45.133.118.153,45.133.118.153,443,5.66,NL,AMS,135.44,169.4
109.248.162.37,109.248.162.37,443,5.66,NL,AMS,133.17,162.12
151.247.25.120,151.247.25.120,443,5.64,NL,AMS,133.7,164.35
146.190.236.144,146.190.236.144,443,5.63,NL,AMS,132.57,131.27
38.180.213.105,38.180.213.105,443,5.61,NL,AMS,153.35,170.51
45.149.234.214,45.149.234.214,443,5.6,NL,AMS,124.62,143.99
103.97.88.133,103.97.88.133,443,5.58,NL,AMS,119.67,125.62
66.248.207.63,66.248.207.63,443,5.56,NL,AMS,120.06,128.18
46.17.97.176,46.17.97.176,443,5.48,NL,AMS,123.74,131.99
89.150.35.155,89.150.35.155,443,5.46,NL,AMS,120.87,135.12
89.150.35.129,89.150.35.129,443,5.45,NL,AMS,121.52,135.47
147.45.228.4,147.45.228.4,443,5.17,NL,AMS,131.11,207.23
82.115.5.207,82.115.5.207,443,5.14,NL,AMS,123.4,140.11
146.0.79.33,146.0.79.33,443,5.13,NL,AMS,121.18,129.68
185.103.255.245,185.103.255.245,443,5.07,NL,AMS,126.99,125.97
86.107.197.161,86.107.197.161,443,5.01,NL,AMS,127.05,154.78
152.42.128.92,152.42.128.92,443,5.01,NL,AMS,129.42,178.48
64.188.63.28,64.188.63.28,443,4.96,NL,AMS,123.72,168.39
62.84.97.123,62.84.97.123,443,4.96,NL,AMS,135.99,156.82
185.213.211.29,185.213.211.29,443,4.91,NL,AMS,123.0,153.34
188.253.25.212,188.253.25.212,443,4.9,NL,AMS,125.06,132.76
185.180.196.64,185.180.196.64,443,4.84,NL,AMS,121.25,133.71
202.148.53.62,202.148.53.62,443,4.79,NL,AMS,124.68,126.58
185.138.88.7,185.138.88.7,443,4.71,NL,AMS,129.07,143.8
23.94.134.141,23.94.134.141,443,4.71,NL,AMS,129.89,136.34
109.120.154.167,109.120.154.167,443,4.7,NL,AMS,122.55,129.07
188.166.1.80,161.35.247.7,443,4.67,NL,AMS,120.6,134.25
82.24.123.193,82.24.123.193,443,4.65,NL,AMS,121.29,147.49
185.94.165.207,185.94.165.207,443,4.62,NL,AMS,117.73,128.09
94.176.3.215,94.176.3.215,443,4.6,NL,AMS,122.27,191.72
185.81.115.188,185.81.115.188,443,4.59,NL,AMS,120.24,131.96
80.74.30.1,80.74.26.176,443,4.59,NL,AMS,121.97,130.65
103.97.88.133,103.97.88.133,8443,4.58,NL,AMS,122.08,128.95
88.218.120.170,88.218.120.170,443,4.57,NL,AMS,118.38,128.77
82.40.60.127,82.40.60.127,443,4.57,NL,AMS,129.89,139.93
5.101.84.107,5.101.84.107,443,4.57,NL,DUS,128.47,151.11
185.21.10.43,185.21.10.43,443,4.54,NL,AMS,119.13,138.77
5.129.218.139,5.129.218.139,443,4.5,NL,AMS,154.0,167.99
88.218.248.211,88.218.248.211,443,4.48,NL,AMS,137.68,145.56
72.56.95.38,72.56.95.38,443,4.46,NL,AMS,120.33,127.35
82.115.4.109,82.115.4.109,443,4.46,NL,AMS,120.56,126.37
82.115.5.207,82.115.5.207,8443,4.45,NL,AMS,144.38,133.48
185.209.162.35,185.209.162.35,443,4.44,NL,AMS,132.67,182.21
38.7.145.212,38.7.145.212,443,4.42,NL,AMS,120.09,128.45
185.138.88.76,185.138.88.76,443,4.42,NL,AMS,133.86,141.05
132.243.235.228,132.243.235.228,443,4.41,NL,AMS,121.33,140.66
72.56.21.244,72.56.21.244,443,4.4,NL,AMS,120.69,126.45
23.168.72.23,67.220.80.230,443,4.39,NL,DUS,118.81,133.63
23.168.72.85,23.168.72.85,443,4.39,NL,DUS,131.49,146.39
144.124.229.34,144.124.229.34,443,4.37,NL,AMS,136.41,141.71
152.53.200.152,152.53.200.152,443,4.37,NL,AMS,148.7,161.28
88.218.122.203,88.218.122.203,443,4.32,NL,AMS,118.5,125.91
146.103.117.162,146.103.117.162,443,4.32,NL,AMS,130.95,143.02
178.173.252.197,178.173.252.197,443,4.32,NL,AMS,127.6,139.56
144.124.245.51,144.124.245.51,443,4.31,NL,AMS,138.66,138.97
194.58.57.93,194.58.57.93,443,4.3,NL,AMS,122.75,128.62
80.76.35.73,80.76.35.73,443,4.3,NL,AMS,120.79,128.75
109.120.142.143,109.120.142.143,443,4.29,NL,AMS,122.88,189.5
178.62.242.239,178.62.242.239,443,4.28,NL,AMS,131.85,169.16
45.144.154.146,45.144.154.146,443,4.26,NL,AMS,123.0,135.41
185.36.143.71,185.36.143.71,443,4.25,NL,AMS,132.08,148.96
195.133.40.234,195.133.40.234,443,4.22,NL,AMS,127.85,133.75
195.63.129.36,195.63.135.129,443,4.22,NL,AMS,134.89,141.15
77.239.112.150,77.239.112.150,443,4.21,NL,AMS,120.19,130.83
194.87.243.86,194.87.243.86,443,4.19,NL,AMS,131.53,177.09
185.185.41.34,185.185.41.34,443,4.17,NL,AMS,123.96,148.85
46.17.101.133,46.17.101.133,443,4.17,NL,AMS,125.25,171.67
164.92.210.231,164.92.210.231,443,4.15,NL,AMS,131.8,127.13
212.80.216.85,212.80.216.85,443,4.15,NL,AMS,138.74,139.28
147.45.241.138,147.45.241.138,443,4.15,NL,AMS,119.48,169.71
45.87.121.7,45.87.121.7,443,4.12,NL,AMS,144.49,151.25
213.142.147.133,213.142.147.133,443,4.11,NL,AMS,125.41,147.48
46.8.229.48,46.8.229.48,443,4.1,NL,AMS,125.03,144.64
80.74.24.191,80.74.24.191,443,4.1,NL,AMS,117.52,125.03
146.103.114.134,146.103.114.134,443,4.09,NL,AMS,140.08,137.46
138.124.67.58,138.124.67.58,443,4.09,NL,AMS,135.07,145.16
151.246.240.8,67.220.80.252,443,4.08,NL,DUS,120.36,136.02
103.136.70.115,103.136.70.115,443,4.08,NL,DUS,120.44,138.37
152.53.200.193,152.53.200.193,8443,4.07,NL,AMS,140.08,156.2
43.250.53.73,43.250.53.73,8443,4.06,NL,AMS,129.24,163.29
185.233.184.77,185.233.184.77,443,4.06,NL,AMS,129.63,129.38
165.232.80.138,165.232.80.138,443,4.04,NL,AMS,122.06,127.09
66.151.42.239,66.151.42.239,443,4.03,NL,AMS,122.74,137.13
144.124.235.197,144.124.235.197,443,3.99,NL,AMS,133.82,140.68
62.60.245.255,62.60.245.255,443,3.98,NL,FRA,148.11,168.98
51.15.70.69,51.15.70.69,443,3.97,NL,AMS,126.07,159.23
82.22.3.66,82.22.3.66,443,3.97,NL,AMS,120.8,132.43
31.57.196.39,31.57.196.39,443,3.96,NL,AMS,136.67,142.69
151.245.92.236,151.245.92.236,443,3.95,NL,AMS,124.44,134.72
5.129.238.238,5.129.238.238,443,3.92,NL,AMS,122.73,128.93
152.53.200.165,152.53.200.165,8443,3.92,NL,AMS,142.6,153.6
88.210.12.132,88.210.12.132,443,3.9,NL,AMS,141.7,145.08
67.220.80.6,67.220.80.6,443,3.88,NL,DUS,117.64,138.18
43.250.53.73,43.250.53.73,443,3.88,NL,AMS,127.95,156.35
146.103.113.158,146.103.113.158,443,3.88,NL,AMS,145.78,150.25
62.60.244.97,2a01:e5c0:451f::2,443,3.87,NL,FRA,157.87,168.53
152.53.200.152,152.53.200.152,8443,3.86,NL,AMS,151.72,155.23
68.183.1.163,68.183.1.163,443,3.85,NL,AMS,121.75,129.21
91.201.115.92,91.201.115.92,443,3.85,NL,AMS,141.26,149.88
212.80.218.161,212.80.218.161,443,3.85,NL,AMS,128.56,141.86
185.192.246.211,185.192.246.211,443,3.84,NL,AMS,123.72,128.35
163.5.207.110,163.5.207.110,443,3.84,NL,AMS,132.62,145.57
186.190.213.82,186.190.213.82,443,3.83,NL,DUS,123.39,147.99
80.64.17.209,80.64.17.209,443,3.82,NL,AMS,123.7,159.5
134.122.50.11,134.122.50.11,443,3.79,NL,AMS,124.77,129.56
194.87.49.3,194.87.49.3,443,3.76,NL,AMS,123.93,133.02
209.38.101.169,209.38.101.169,443,3.76,NL,AMS,124.82,129.3
2.26.83.250,2.26.83.250,443,3.75,NL,AMS,123.39,139.68
5.180.182.128,5.180.182.128,443,3.73,NL,AMS,138.81,131.53
138.124.79.11,138.124.79.11,443,3.73,NL,AMS,133.27,143.03
80.74.28.213,80.74.28.213,8443,3.72,NL,AMS,120.52,123.86
144.31.122.120,144.31.122.120,443,3.69,NL,AMS,142.52,162.55
202.148.53.185,202.148.53.185,443,3.68,NL,AMS,121.77,135.17
134.122.54.149,134.122.54.149,443,3.68,NL,AMS,122.45,132.99
37.48.90.120,37.48.90.120,443,3.67,NL,MAD,123.03,185.73
45.91.236.216,45.91.236.216,443,3.67,NL,AMS,129.27,208.74
185.103.255.142,185.103.255.142,443,3.66,NL,AMS,128.83,138.4
23.94.134.141,23.94.134.141,8443,3.65,NL,AMS,139.66,148.68
103.90.72.71,103.90.72.71,443,3.64,NL,AMS,120.87,125.86
5.129.209.192,5.129.209.192,443,3.6,NL,AMS,126.5,131.79
31.57.196.196,31.57.196.196,443,3.6,NL,AMS,136.73,148.33
144.124.252.83,144.124.252.83,443,3.6,NL,AMS,144.2,156.86
95.181.162.170,95.181.162.170,443,3.6,NL,FRA,146.95,160.86
43.250.54.97,43.250.54.97,8443,3.59,NL,AMS,131.36,139.07
94.142.137.72,94.142.137.72,443,3.59,NL,AMS,135.8,141.93
64.225.77.36,64.225.77.36,443,3.58,NL,AMS,129.07,134.97
134.209.136.197,64.225.77.36,443,3.54,NL,AMS,128.92,129.54
45.114.62.226,45.114.62.226,443,3.54,NL,AMS,121.68,129.45
2.27.169.61,2.27.169.61,443,3.53,NL,AMS,141.42,140.6
152.53.200.166,152.53.200.166,8443,3.52,NL,AMS,152.79,164.17
84.235.160.223,84.235.160.223,443,3.51,NL,AMS,131.97,141.78
178.173.254.43,178.173.254.43,443,3.5,NL,AMS,129.99,132.91
185.223.93.86,185.223.93.86,443,3.49,NL,AMS,130.94,131.52
31.56.222.60,31.56.222.60,443,3.48,NL,AMS,124.94,160.36
77.220.214.135,77.220.214.135,443,3.48,NL,AMS,120.07,128.61
152.53.200.165,152.53.200.165,443,3.47,NL,AMS,139.29,167.6
152.53.200.166,152.53.200.166,443,3.47,NL,AMS,186.44,164.51
89.42.142.219,89.42.142.219,443,3.46,NL,AMS,127.51,146.3
185.247.18.250,185.247.18.250,443,3.46,NL,AMS,124.96,125.07
103.137.248.227,103.137.248.227,443,3.46,NL,AMS,122.09,130.68
195.133.38.112,195.133.38.112,443,3.45,NL,AMS,130.69,149.55
2.27.169.249,2.27.169.249,443,3.43,NL,AMS,136.99,141.07
147.45.170.176,147.45.170.176,443,3.43,NL,AMS,136.93,127.54
89.124.86.85,89.124.86.85,443,3.43,NL,AMS,135.85,137.34
31.15.19.199,31.15.19.199,443,3.42,NL,AMS,131.17,148.57
31.57.196.193,31.57.196.193,443,3.4,NL,AMS,135.85,147.9
157.22.178.119,157.22.178.119,443,3.39,NL,AMS,123.44,128.13
146.0.73.202,146.0.73.202,443,3.36,NL,AMS,121.73,130.0
103.90.75.121,103.90.75.121,443,3.32,NL,AMS,122.18,124.83
38.180.117.83,38.180.117.83,443,3.32,NL,AMS,160.66,187.03
152.53.200.193,152.53.200.193,443,3.32,NL,AMS,139.86,155.31
152.53.200.200,152.53.200.200,8443,3.31,NL,AMS,147.8,155.76
45.91.237.93,45.91.237.93,443,3.26,NL,AMS,122.6,128.06
167.99.44.172,167.99.44.172,443,3.24,NL,AMS,127.32,135.78
194.87.31.49,194.87.31.49,443,3.21,NL,AMS,142.17,153.48
2.27.169.162,2.27.169.162,443,3.2,NL,AMS,137.66,144.03
2.27.169.58,2.27.169.58,443,3.2,NL,AMS,144.87,144.49
188.166.79.180,188.166.79.180,443,3.19,NL,AMS,123.68,129.39
152.53.200.105,152.53.200.105,8443,3.19,NL,AMS,158.64,180.91
152.53.200.126,152.53.200.126,443,3.19,NL,AMS,151.75,154.34
2.27.169.118,2.27.169.118,443,3.12,NL,AMS,148.63,140.9
43.250.54.97,43.250.54.97,443,3.11,NL,AMS,131.98,139.06
147.45.243.173,147.45.243.173,443,3.07,NL,AMS,122.29,131.2
178.208.87.161,178.208.87.161,443,3.07,NL,AMS,144.16,149.82
94.241.174.229,94.241.174.229,443,3.06,NL,AMS,117.69,131.95
147.45.170.176,147.45.170.176,2053,3.06,NL,AMS,137.8,137.38
152.53.200.15,152.53.200.15,8443,3.06,NL,AMS,146.97,149.7
222.167.217.43,222.167.217.43,443,3.05,NL,AMS,135.59,140.23
84.32.101.72,84.32.189.82,443,3.04,NL,AMS,121.94,126.6
152.53.200.105,152.53.200.105,443,3.04,NL,AMS,167.01,158.21
152.53.200.51,152.53.200.51,8443,3.02,NL,AMS,139.01,157.6
152.53.200.197,152.53.200.197,443,3.01,NL,AMS,143.88,153.85
152.53.200.164,152.53.200.164,443,3.0,NL,AMS,140.19,158.05
146.0.73.251,146.0.73.251,443,2.97,NL,AMS,125.18,126.39
23.168.72.17,23.168.72.17,443,2.89,NL,DUS,119.22,137.97
171.22.30.125,171.22.30.125,443,2.87,NL,AMS,122.47,136.28
152.53.200.129,152.53.200.129,443,2.86,NL,AMS,149.39,155.69
152.53.200.174,152.53.200.174,443,2.84,NL,AMS,144.64,150.75
152.53.200.124,152.53.200.124,443,2.82,NL,AMS,140.34,158.84
92.51.47.199,92.51.47.199,443,2.81,NL,AMS,123.98,183.67
144.31.24.77,144.31.24.77,443,2.81,NL,AMS,138.79,152.02
80.74.28.213,80.74.28.213,443,2.81,NL,AMS,126.75,129.39
152.53.200.15,152.53.200.15,443,2.81,NL,AMS,140.93,163.06
91.232.114.118,91.232.114.118,443,2.8,NL,AMS,120.68,125.7
152.53.105.182,152.53.105.182,443,2.79,NL,AMS,139.25,156.63
152.53.200.69,152.53.200.69,443,2.78,NL,AMS,140.47,157.62
152.53.200.126,152.53.200.126,8443,2.78,NL,AMS,156.14,154.6
152.53.200.118,152.53.200.118,8443,2.77,NL,AMS,143.15,164.68
5.45.70.203,5.45.70.203,443,2.74,NL,AMS,125.61,153.04
152.53.200.241,152.53.200.241,443,2.74,NL,AMS,148.19,173.14
152.53.200.124,152.53.200.124,8443,2.73,NL,AMS,143.64,159.23
152.53.200.200,152.53.200.200,443,2.72,NL,AMS,145.06,156.28
31.57.196.162,31.57.196.162,443,2.68,NL,AMS,139.9,142.44
152.53.200.69,152.53.200.69,8443,2.68,NL,AMS,139.38,166.87
152.53.200.18,152.53.200.18,8443,2.67,NL,AMS,141.7,154.55
206.189.1.252,206.189.1.252,443,2.67,NL,AMS,125.27,134.32
185.180.109.198,185.180.109.198,443,2.66,NL,AMS,146.2,200.55
132.243.166.21,132.243.166.21,443,2.65,NL,AMS,135.17,136.15
38.7.145.212,38.7.145.212,8443,2.65,NL,AMS,117.3,123.72
2.27.169.2,2.27.169.2,443,2.64,NL,AMS,135.56,141.04
152.53.200.51,152.53.200.51,443,2.64,NL,AMS,139.15,156.93
195.93.253.115,195.93.253.115,443,2.63,NL,AMS,139.18,159.68
103.65.231.157,103.65.231.157,443,2.59,NL,AMS,122.16,128.18
152.53.200.197,152.53.200.197,8443,2.58,NL,AMS,144.02,160.82
194.87.83.44,194.87.83.44,443,2.55,NL,AMS,119.78,125.77
103.45.247.67,103.45.247.67,443,2.54,NL,AMS,117.5,123.43
152.53.200.89,152.53.200.89,8443,2.51,NL,AMS,140.38,156.02
45.87.107.158,45.87.107.158,443,2.5,NL,AMS,127.15,152.4
152.53.200.139,152.53.200.139,443,2.48,NL,AMS,139.17,155.36
152.53.105.182,152.53.105.182,8443,2.47,NL,AMS,139.27,157.04
151.242.120.8,67.220.80.252,443,2.42,NL,DUS,126.34,134.97
152.53.200.72,152.53.200.72,8443,2.42,NL,AMS,144.29,150.31
5.129.216.14,5.129.216.14,8443,2.42,NL,AMS,119.74,136.52
2.27.169.209,2.27.169.209,443,2.41,NL,AMS,136.23,141.15
5.129.216.14,5.129.216.14,443,2.41,NL,AMS,120.9,135.76
195.133.66.132,195.133.66.132,443,2.4,NL,AMS,120.06,132.79
64.227.73.131,64.227.73.131,443,2.4,NL,AMS,126.23,130.98
89.124.104.185,89.124.104.185,443,2.4,NL,AMS,140.66,146.88
151.246.240.4,67.220.80.246,443,2.38,NL,DUS,121.99,137.87
152.53.200.129,152.53.200.129,8443,2.38,NL,AMS,143.36,163.03
77.73.132.242,77.73.132.242,443,2.37,NL,AMS,123.14,129.49
62.84.103.222,62.84.103.222,443,2.36,NL,AMS,142.81,154.67
194.85.249.105,194.85.249.105,443,2.28,NL,AMS,122.33,130.16
185.239.71.145,185.239.71.145,443,2.28,NL,AMS,131.86,130.34
45.88.67.65,45.88.67.65,443,2.28,NL,AMS,123.19,137.22
152.53.200.89,152.53.200.89,443,2.27,NL,AMS,143.68,152.91
152.53.200.241,152.53.200.241,8443,2.27,NL,AMS,144.3,157.21
147.45.225.134,147.45.225.134,443,2.26,NL,AMS,120.05,124.96
178.62.206.22,178.62.206.22,443,2.25,NL,AMS,125.42,133.72
152.53.200.164,152.53.200.164,8443,2.24,NL,AMS,140.86,157.04
31.15.19.10,31.15.19.10,443,2.23,NL,AMS,136.88,156.34
186.190.213.211,186.190.213.82,443,2.2,NL,DUS,126.81,141.35
2.27.169.241,2.27.169.241,443,2.2,NL,AMS,136.95,163.78
185.36.143.187,185.36.143.187,443,2.17,NL,AMS,124.05,138.16
152.53.200.72,152.53.200.72,443,2.14,NL,AMS,144.15,152.37
152.53.200.174,152.53.200.174,8443,2.1,NL,AMS,143.79,152.27
152.53.200.118,152.53.200.118,443,2.08,NL,AMS,142.72,160.8
31.57.196.9,31.57.196.9,443,2.06,NL,AMS,136.17,140.13
2.27.169.193,2.27.169.193,443,2.05,NL,AMS,143.19,145.17
152.53.200.139,152.53.200.139,8443,2.03,NL,AMS,139.52,155.88
45.154.35.142,45.154.35.142,443,1.95,NL,AMS,128.24,142.93
152.53.200.78,152.53.200.78,443,1.87,NL,AMS,142.45,158.72
152.53.200.78,152.53.200.78,8443,1.86,NL,AMS,140.31,162.32
152.53.200.18,152.53.200.18,443,1.83,NL,AMS,139.73,155.97
2.27.169.199,2.27.169.199,443,1.82,NL,AMS,136.53,140.88
141.144.195.228,141.144.195.228,443,1.7,NL,AMS,143.92,212.63
82.22.146.226,82.22.146.226,443,1.67,NL,AMS,120.85,125.02
62.60.245.69,62.60.245.69,443,1.58,NL,FRA,150.54,170.47
72.56.24.235,72.56.24.235,443,1.54,NL,AMS,126.54,135.66
217.144.189.83,217.144.189.83,443,1.32,NL,FRA,139.85,164.08
2.27.169.240,2.27.169.240,443,1.26,NL,AMS,136.69,147.35
185.133.174.7,185.133.174.7,443,1.14,NL,AMS,123.99,152.81
54.36.186.141,54.36.186.141,443,6.21,PL,WAW,148.02,151.33
146.59.18.234,54.36.186.141,443,4.39,PL,WAW,148.02,152.49
151.241.227.21,151.241.227.21,443,3.83,PL,WAW,142.88,157.09
212.119.43.76,212.119.43.76,443,3.71,PL,WAW,148.67,154.95
217.30.10.55,217.30.10.55,443,3.67,PL,WAW,143.3,177.09
95.85.254.27,95.85.254.27,443,3.63,PL,WAW,142.51,145.61
45.198.0.157,45.198.0.157,443,3.6,PL,WAW,149.18,157.1
2.59.163.33,2.59.163.33,443,3.54,PL,WAW,142.0,149.85
138.124.104.104,138.124.104.104,443,3.53,PL,WAW,147.54,150.44
82.118.20.234,82.118.20.234,443,3.53,PL,WAW,143.08,158.16
94.103.0.67,94.103.0.67,443,3.48,PL,WAW,139.58,166.94
2.26.5.52,2.26.5.52,443,3.32,PL,WAW,154.46,161.22
31.169.126.66,31.169.126.66,443,3.21,PL,WAW,139.2,146.97
81.90.17.57,81.90.17.57,443,3.19,PL,WAW,141.13,151.44
82.38.65.88,82.38.65.88,443,3.11,PL,WAW,145.29,171.22
77.239.114.210,77.239.114.210,443,3.02,PL,WAW,150.47,151.33
78.10.222.98,78.10.222.98,443,3.01,PL,WAW,146.9,172.98
103.167.234.26,103.167.234.26,443,2.97,PL,WAW,143.67,150.41
45.198.0.122,45.198.0.122,443,2.95,PL,WAW,143.51,150.4
212.192.22.177,212.192.22.177,443,2.91,PL,WAW,163.56,170.24
212.192.11.208,212.192.11.208,443,2.91,PL,WAW,138.32,148.28
91.108.237.23,91.108.237.23,443,2.89,PL,WAW,146.3,154.1
37.252.6.119,37.252.6.119,443,2.85,PL,WAW,150.8,173.35
193.108.170.80,193.108.170.80,443,2.74,PL,WAW,151.09,154.27
31.169.126.66,31.169.126.66,8443,2.69,PL,WAW,141.47,148.85
89.126.229.173,89.126.229.173,443,2.68,PL,WAW,150.91,167.71
194.87.128.46,194.87.128.46,443,2.64,PL,WAW,140.9,151.9
191.101.184.50,191.101.184.50,443,2.63,PL,WAW,149.92,165.09
95.156.204.82,95.156.204.82,8443,2.61,PL,WAW,144.76,152.02
217.182.79.55,217.182.79.55,8443,2.6,PL,WAW,147.57,154.4
212.119.43.55,212.119.43.55,443,2.57,PL,WAW,151.42,157.87
193.106.196.250,193.106.196.250,443,2.57,PL,WAW,162.49,154.29
217.182.79.55,217.182.79.55,443,2.51,PL,WAW,152.84,154.02
139.28.97.231,139.28.97.231,443,2.5,PL,WAW,146.52,148.72
51.75.32.106,217.182.79.55,8443,2.45,PL,WAW,152.38,161.23
51.75.32.106,217.182.79.55,443,2.44,PL,WAW,157.83,174.44
82.40.38.216,82.40.38.216,443,2.43,PL,WAW,141.68,142.05
45.43.137.179,45.43.137.179,443,2.4,PL,WAW,140.75,169.93
188.116.40.37,188.116.40.37,443,2.38,PL,WAW,163.22,173.79
64.176.68.73,64.176.68.73,443,2.37,PL,WAW,149.3,147.65
37.252.10.91,37.252.10.91,443,2.36,PL,WAW,156.85,177.06
138.124.20.93,138.124.20.93,443,2.27,PL,WAW,141.23,147.35
95.156.204.82,95.156.204.82,443,2.13,PL,WAW,147.87,154.68
45.144.50.4,45.144.50.4,443,2.05,PL,RIX,145.35,177.91
70.34.243.123,70.34.243.123,443,2.01,PL,WAW,147.28,151.21
45.149.63.149,45.149.63.149,8443,1.89,PL,WAW,154.17,151.42
188.255.163.120,188.255.163.120,443,1.69,PL,WAW,147.36,186.23
2.27.79.22,2.27.79.22,443,1.67,PL,WAW,154.97,163.61
45.149.63.149,45.149.63.149,443,1.62,PL,WAW,165.27,158.29
31.129.49.103,31.129.49.103,443,5.13,RU,DME,161.57,191.53
31.129.49.103,31.129.49.103,8443,5.01,RU,DME,160.36,185.67
185.151.243.200,185.151.243.200,443,4.5,RU,DME,155.88,183.78
212.41.15.119,212.41.15.119,443,4.29,RU,DME,163.54,200.14
5.101.50.226,5.101.50.226,443,3.67,RU,DME,154.07,227.27
185.137.235.254,212.41.15.119,443,3.32,RU,DME,148.56,211.19
46.229.215.23,46.229.215.23,443,3.31,RU,DME,147.43,191.27
90.156.226.208,90.156.226.208,443,2.94,RU,AMS,159.07,220.6
92.51.38.43,92.51.38.43,443,2.94,RU,DME,154.96,210.26
45.131.42.104,45.131.42.104,443,2.9,RU,DME,151.16,198.06
5.129.223.137,5.129.223.137,443,2.67,RU,DME,168.26,205.31
77.73.66.223,77.73.66.223,443,2.63,RU,ARN,156.17,195.09
213.226.124.66,213.226.124.66,443,2.58,RU,AMS,151.82,225.4
85.239.49.65,85.239.49.65,443,2.56,RU,DME,169.7,207.62
93.77.162.90,93.77.162.90,8443,2.55,RU,HEL,166.64,251.05
147.45.99.92,147.45.99.92,443,2.53,RU,DME,164.33,208.43
91.184.244.230,91.184.244.230,443,2.52,RU,LHR,159.87,289.02
5.129.243.72,5.129.243.72,443,2.51,RU,HEL,182.73,227.72
2.26.104.64,2.26.104.64,443,2.51,RU,DME,166.35,192.69
185.154.192.200,185.154.192.200,443,2.47,RU,DME,157.3,202.51
93.77.162.90,93.77.162.90,2096,2.4,RU,DME,172.0,218.85
194.87.252.166,194.87.252.166,443,2.4,RU,ARN,170.63,214.7
185.221.152.96,185.221.152.96,443,2.34,RU,FRA,162.85,255.61
45.90.216.27,45.90.216.27,443,2.34,RU,ARN,170.0,215.98
89.23.112.211,89.23.112.211,443,2.32,RU,DME,155.88,214.57
194.87.151.151,194.87.151.151,443,2.32,RU,DME,164.95,208.35
79.174.13.53,79.174.13.53,443,2.31,RU,DME,171.22,191.96
178.20.41.204,178.20.41.204,443,2.29,RU,LHR,168.32,282.19
178.20.41.204,178.20.41.204,8443,2.27,RU,LHR,169.7,276.83
92.53.107.11,92.53.107.11,443,2.26,RU,DME,153.79,200.58
212.8.226.252,212.8.226.252,443,2.26,RU,ARN,177.3,243.07
159.194.200.159,159.194.200.159,8443,2.25,RU,ARN,173.3,236.76
217.18.60.228,217.18.60.228,443,2.22,RU,AMS,153.36,222.46
83.147.255.88,83.147.255.88,443,2.2,RU,ARN,153.08,170.46
93.77.162.90,93.77.162.90,443,2.17,RU,DME,173.86,214.61
31.192.111.185,31.192.111.185,443,2.14,RU,DME,160.15,214.26
84.252.75.139,84.252.75.139,443,2.14,RU,ARN,175.9,234.23
217.26.28.58,217.26.28.58,443,2.14,RU,ARN,231.71,302.13
103.213.249.125,103.213.249.125,443,2.12,RU,ARN,172.18,226.23
31.200.248.163,31.200.248.125,443,2.11,RU,DME,166.33,200.7
159.194.200.159,159.194.200.159,443,2.1,RU,ARN,179.35,252.34
212.67.17.226,212.67.17.226,443,2.06,RU,DME,160.74,216.89
81.85.78.197,81.85.78.197,443,2.04,RU,DME,172.51,208.71
93.77.165.76,93.77.165.76,443,2.02,RU,DME,170.28,199.83
85.209.135.219,85.209.135.219,443,1.99,RU,DME,162.98,194.59
176.118.214.216,176.118.214.216,443,1.96,RU,DME,168.67,218.64
46.29.118.247,46.29.118.247,2053,1.91,RU,FRA,166.05,244.72
217.26.29.24,217.26.29.24,443,1.88,RU,ARN,183.0,227.1
193.3.23.128,193.3.23.128,443,1.87,RU,ARN,176.99,224.83
91.107.127.205,91.107.127.205,443,1.87,RU,DME,160.78,188.87
217.198.5.76,217.198.5.76,443,1.85,RU,DME,211.61,239.53
217.114.12.143,217.114.12.143,443,1.85,RU,ARN,182.32,258.01
103.88.242.134,103.88.242.134,443,1.84,RU,DME,158.3,224.76
213.171.29.38,213.171.29.38,443,1.83,RU,ARN,166.94,210.44
195.2.74.244,195.2.74.244,443,1.69,RU,AMS,167.23,269.72
85.198.109.141,85.198.109.141,443,1.69,RU,LHR,168.78,272.21
155.212.134.112,155.212.134.112,443,1.66,RU,ARN,170.21,241.5
83.217.201.98,83.217.201.98,443,1.66,RU,DME,185.81,232.89
194.87.107.79,194.87.107.79,443,1.64,RU,WAW,158.36,236.09
46.29.118.247,46.29.118.247,443,1.63,RU,FRA,169.5,244.95
5.129.245.158,5.129.245.158,443,1.59,RU,DME,180.28,230.94
185.105.117.222,185.105.117.222,443,1.58,RU,ARN,177.8,363.13
185.105.91.243,185.105.91.243,443,1.57,RU,ARN,173.98,218.65
45.90.218.180,45.90.218.180,443,1.56,RU,ARN,180.28,241.67
185.128.107.175,185.128.107.175,443,1.47,RU,ARN,170.38,227.44
212.193.26.83,212.193.26.83,443,1.45,RU,DME,170.85,209.85
185.247.185.103,185.247.185.103,443,1.43,RU,DME,168.41,207.14
90.156.170.211,90.156.170.211,443,1.43,RU,ARN,202.92,265.73
193.160.209.49,193.160.209.49,443,1.37,RU,DME,184.71,237.02
103.113.68.210,103.113.68.210,443,1.31,RU,ARN,163.29,235.65
185.217.199.148,185.217.199.148,443,1.31,RU,ARN,187.1,218.08
185.26.121.79,185.26.121.79,443,1.29,RU,LHR,167.4,244.53
155.212.216.144,155.212.216.144,443,1.18,RU,ARN,173.49,238.62
103.110.66.169,103.110.66.169,443,5.41,SE,ARN,136.25,149.12
185.229.221.92,185.229.221.92,443,5.11,SE,ARN,143.58,144.1
41.216.182.105,41.216.182.105,443,4.03,SE,ARN,151.12,167.08
37.252.9.236,37.252.9.236,443,3.84,SE,ARN,145.55,166.78
91.223.169.237,91.223.169.237,443,3.83,SE,ARN,139.39,157.63
64.112.124.252,64.112.124.252,443,3.74,SE,ARN,143.49,176.45
78.109.17.114,78.109.17.114,443,3.73,SE,ARN,157.82,161.77
142.111.244.42,142.111.244.42,443,3.69,SE,ARN,149.0,182.68
130.49.190.163,130.49.190.163,443,3.58,SE,ARN,144.46,147.15
89.125.243.165,89.125.243.165,443,3.58,SE,ARN,139.29,152.69
93.115.23.184,93.115.23.184,443,3.57,SE,ARN,140.1,144.53
37.252.8.202,37.252.8.202,443,3.46,SE,ARN,154.77,157.11
51.20.202.203,51.20.202.203,443,3.34,SE,ARN,196.52,263.44
83.219.250.221,83.219.250.221,443,3.29,SE,ARN,147.99,149.71
95.143.196.18,95.143.196.18,443,3.16,SE,ARN,143.81,177.08
185.139.228.30,185.139.228.30,443,3.15,SE,ARN,146.78,146.86
70.34.195.28,70.34.195.28,443,3.11,SE,ARN,138.28,141.98
64.112.127.151,64.112.127.151,443,3.05,SE,ARN,145.41,146.44
176.97.77.161,176.97.77.161,443,3.03,SE,ARN,142.68,154.26
192.145.30.27,192.145.30.27,443,3.01,SE,ARN,148.03,180.62
192.145.30.213,192.145.30.213,443,2.99,SE,ARN,141.97,157.67
132.243.247.198,132.243.247.198,443,2.93,SE,ARN,145.44,148.47
87.251.85.34,87.251.85.34,443,2.92,SE,ARN,142.12,151.43
138.124.85.225,138.124.85.225,443,2.89,SE,ARN,147.66,156.39
84.32.217.55,84.32.217.55,443,2.86,SE,ARN,137.33,143.32
185.21.11.91,185.21.11.91,443,2.85,SE,CPH,141.29,151.88
94.242.58.117,2a0c:16c3:500:1c::c7b4,443,2.82,SE,DME,139.72,210.98
80.66.78.207,80.66.78.207,443,2.72,SE,ARN,145.25,151.3
192.145.30.224,192.145.30.224,443,2.71,SE,ARN,145.03,152.23
89.169.34.174,89.169.34.174,443,2.65,SE,MXP,159.72,228.32
91.186.217.49,91.186.217.49,443,2.64,SE,ARN,160.76,288.36
83.219.250.141,83.219.250.141,443,2.63,SE,ARN,146.91,148.06
192.145.30.213,192.145.30.213,8443,2.62,SE,ARN,144.54,148.68
41.216.182.98,41.216.182.98,443,2.61,SE,ARN,141.55,154.42
213.21.246.96,213.21.246.96,443,2.6,SE,MXP,159.46,254.1
193.148.58.33,193.148.58.33,443,2.57,SE,ARN,137.88,143.65
91.186.219.82,91.186.219.82,443,2.57,SE,MXP,158.7,240.2
91.186.212.249,91.186.212.249,443,2.55,SE,MXP,158.55,256.79
185.58.115.45,185.58.115.45,443,2.54,SE,ARN,156.22,154.51
138.124.25.223,138.124.25.223,443,2.53,SE,ARN,159.69,277.28
89.22.234.242,89.22.234.242,443,2.52,SE,ARN,173.88,302.8
91.186.212.228,91.186.212.228,443,2.52,SE,MXP,163.88,279.52
138.124.26.228,138.124.26.228,443,2.5,SE,ARN,163.16,286.81
213.21.246.96,213.21.246.96,8443,2.45,SE,MXP,167.39,255.13
91.186.212.246,91.186.212.246,443,2.41,SE,MXP,167.86,298.34
109.120.134.104,109.120.134.104,443,2.38,SE,ARN,174.16,285.03
79.141.174.235,79.141.174.235,443,2.37,SE,ARN,147.97,155.67
77.232.143.94,77.232.143.94,443,2.35,SE,ARN,172.51,321.37
91.186.212.186,91.186.212.186,443,2.34,SE,MXP,166.9,262.84
77.110.96.220,77.110.96.220,443,2.32,SE,VIE,166.24,274.04
91.186.216.240,91.186.216.240,443,2.25,SE,ARN,167.52,256.58
91.186.213.30,91.186.213.30,443,2.24,SE,ARN,164.36,284.93
31.192.244.129,31.192.244.129,443,2.12,SE,ARN,177.87,216.86
138.124.71.139,138.124.71.139,443,2.07,SE,ARN,140.56,145.46
91.184.247.38,172.232.149.77,443,2.0,SE,ARN,202.2,195.44
89.22.236.0,89.22.236.0,443,1.99,SE,ARN,176.98,311.62
91.186.216.59,91.186.216.59,443,1.98,SE,ARN,175.36,237.88
213.21.251.234,213.21.251.234,443,1.86,SE,MXP,159.76,242.63
94.103.3.85,130.49.190.163,443,1.27,SE,ARN,202.66,392.35
47.82.155.79,47.82.155.79,2053,2.33,SG,SIN,181.9,192.1
47.82.155.79,47.82.155.79,443,2.26,SG,SIN,183.13,191.59
43.160.195.223,43.160.195.223,443,2.22,SG,SIN,182.21,189.32
178.128.86.3,178.128.86.3,443,2.15,SG,SIN,181.44,188.85
109.121.39.70,109.121.39.70,443,2.01,SG,SIN,181.55,191.9
188.239.9.91,188.239.9.91,443,1.88,SG,SIN,181.54,189.31
161.118.213.45,161.118.213.45,443,1.71,SG,SIN,181.67,191.13
47.82.155.79,47.82.155.79,8443,1.45,SG,SIN,182.22,192.37
45.197.12.118,45.197.12.118,443,1.41,SG,SIN,212.69,226.52
60.249.21.30,60.249.21.30,443,3.31,TW,TPE,154.01,175.91
104.129.167.255,52.161.178.99,8443,274.65,US,DFW,18.36,25.95
104.129.167.255,52.161.178.99,2053,272.66,US,DFW,21.37,26.15
104.129.166.131,52.161.178.99,2053,266.41,US,DFW,18.27,27.21
104.129.167.255,52.161.178.99,2087,265.18,US,DFW,22.1,21.3
104.129.167.255,52.161.178.99,443,261.86,US,DFW,18.97,22.98
104.129.166.131,52.161.178.99,443,235.91,US,DFW,17.58,25.86
104.129.167.255,52.161.178.99,2083,230.21,US,DFW,19.33,22.72
104.129.167.255,52.161.178.99,2096,217.24,US,DFW,18.11,22.47
104.129.166.131,52.161.178.99,2096,212.12,US,DFW,17.52,22.22
104.129.166.131,52.161.178.99,2087,206.99,US,DFW,18.51,26.22
165.232.51.34,165.232.51.34,443,200.64,US,SJC,25.19,33.24
104.129.166.131,52.161.178.99,8443,182.56,US,DFW,19.6,27.97
64.118.154.7,64.118.154.7,443,169.66,US,SJC,43.18,43.81
23.94.56.22,23.94.56.22,443,164.43,US,SEA,32.28,55.43
43.169.18.179,43.152.180.156,443,160.8,US,SEA,28.92,69.31
64.181.218.67,64.181.218.67,443,154.4,US,ORD,29.65,40.85
156.154.245.83,156.154.222.195,443,153.78,US,DFW,19.46,26.26
43.169.19.179,43.152.180.156,443,152.86,US,SEA,28.97,44.42
104.129.166.131,52.161.178.99,2083,152.57,US,DFW,18.01,21.71
147.182.229.237,147.182.229.237,443,143.86,US,SJC,59.73,39.63
143.198.52.252,143.198.52.252,443,140.15,US,SJC,24.24,34.68
107.172.241.7,107.172.241.7,443,124.69,US,LAX,36.89,46.29
165.232.148.158,165.232.148.158,443,121.71,US,SJC,23.77,51.67
104.168.87.130,104.168.87.130,443,116.8,US,SJC,46.63,59.35
192.3.134.177,192.3.134.177,443,105.33,US,SJC,40.57,57.6
137.184.39.15,137.184.39.15,443,103.37,US,SJC,33.5,87.8
166.1.160.140,166.1.160.140,443,100.64,US,EWR,53.88,75.79
38.244.45.74,38.244.45.74,443,98.1,US,LAX,33.37,41.88
193.122.154.82,193.122.154.82,443,89.9,US,IAD,49.67,47.86
45.61.150.169,45.61.150.169,443,88.75,US,LAS,35.63,83.62
66.135.5.63,66.135.5.63,443,88.21,US,EWR,79.02,105.77
35.197.23.75,35.212.135.213,443,86.27,US,SEA,42.14,74.36
185.28.175.51,185.28.175.51,443,85.4,US,MIA,50.97,93.63
205.185.113.76,205.185.113.76,443,84.69,US,LAS,36.42,50.12
77.105.162.170,77.105.162.170,443,83.81,US,EWR,64.09,67.25
140.99.254.179,140.99.254.179,443,81.36,US,IAD,47.76,60.82
46.17.107.183,46.17.107.183,443,79.42,US,EWR,54.71,178.83
216.36.116.175,216.36.116.175,443,76.97,US,LAX,43.81,45.66
172.245.182.112,172.245.182.112,443,73.84,US,ATL,34.22,41.6
104.168.56.73,104.168.56.73,443,70.9,US,BUF,52.18,84.12
34.4.108.104,34.4.108.104,443,70.03,US,SEA,33.08,48.16
50.228.203.26,50.228.203.26,443,70.0,US,MIA,55.76,55.21
185.186.245.90,185.186.245.90,443,68.17,US,DFW,39.6,64.34
129.159.34.196,2603:c024:c005:ec5f:0:e477:e6f:c726,443,65.75,US,SJC,40.68,63.66
64.181.247.243,64.181.247.243,443,63.04,US,SJC,29.79,36.75
34.105.49.234,34.11.217.215,443,62.74,US,SEA,37.91,60.16
34.82.76.253,8.229.209.56,443,62.35,US,SEA,39.54,91.05
185.45.195.83,185.45.195.83,443,61.44,US,LAX,36.17,42.17
163.192.44.187,163.192.44.187,443,60.1,US,SJC,23.55,33.59
172.245.53.232,172.245.53.232,443,59.44,US,SJC,44.25,54.38
37.123.194.251,37.123.194.251,443,59.13,US,SJC,41.28,52.02
23.95.88.103,23.95.88.103,443,56.43,US,SJC,42.45,64.75
192.9.157.76,2603:c024:c00c:633::f1e1,443,56.11,US,SJC,23.65,29.05
192.18.136.255,2603:c024:c00e:6588:2813:e25c:5935:82e1,443,55.0,US,SJC,26.13,32.29
163.192.47.170,163.192.47.170,443,53.64,US,SJC,26.87,34.57
64.186.229.189,64.186.229.189,443,53.49,US,LAX,33.76,47.03
51.81.223.184,51.81.223.184,443,52.38,US,PDX,62.33,58.33
129.146.196.8,129.146.196.8,443,52.22,US,LAX,38.74,63.78
141.148.93.235,141.148.93.235,443,50.89,US,IAD,48.59,53.11
107.172.79.112,107.172.79.112,443,49.17,US,SJC,42.67,67.6
185.106.95.125,185.106.95.125,443,44.81,US,DFW,18.79,42.72
150.136.219.11,150.136.219.11,443,44.44,US,IAD,43.84,58.98
23.94.123.231,23.94.123.231,443,43.9,US,SJC,40.68,57.22
82.29.71.158,82.29.71.158,443,43.54,US,LAX,36.12,58.18
107.172.190.151,107.172.190.151,443,42.1,US,YYZ,55.47,119.22
143.198.24.237,143.198.24.237,443,41.18,US,EWR,58.69,69.62
129.159.119.161,2603:c020:4013:7a7e:fdcd:bcf2:ae6a:3a94,443,40.94,US,IAD,46.1,51.89
45.13.214.27,45.13.214.27,443,40.94,US,DFW,19.62,34.39
192.9.139.160,192.9.139.160,443,38.24,US,SJC,26.45,27.95
172.245.180.103,172.245.180.103,443,38.02,US,BUF,48.92,52.94
31.59.136.223,31.59.136.223,443,37.07,US,PDX,43.32,108.56
107.174.245.19,107.174.245.19,443,37.01,US,SEA,26.89,54.97
159.89.182.67,159.89.182.67,443,36.69,US,EWR,58.07,62.03
149.28.56.202,149.28.56.202,443,35.33,US,EWR,53.96,73.86
3.137.145.231,3.137.145.231,443,34.58,US,CMH,41.74,48.63
64.181.255.215,64.181.255.215,443,34.3,US,SJC,23.82,31.59
23.95.148.8,23.95.148.8,443,33.93,US,YYZ,51.43,134.23
31.172.69.16,31.172.69.16,443,33.88,US,DFW,28.29,40.45
154.64.235.157,154.64.235.157,443,33.56,US,LAX,42.09,48.3
107.174.67.116,107.174.67.116,443,33.23,US,YYZ,46.72,111.33
150.136.105.229,150.136.105.229,443,32.92,US,IAD,44.21,49.91
208.167.245.42,208.167.245.42,443,32.12,US,EWR,56.75,59.27
129.213.150.222,129.213.150.222,443,30.45,US,IAD,46.54,54.56
64.186.233.224,64.186.233.224,443,29.5,US,LAX,33.17,49.9
129.159.37.136,2603:c024:c00d:b366:2fa3:6c2c:5a4d:4067,443,28.71,US,SJC,25.52,29.55
43.170.25.96,43.152.135.77,443,27.51,US,IAD,41.92,52.67
150.136.254.79,150.136.254.79,443,26.96,US,IAD,55.91,57.83
77.110.124.132,77.110.124.132,443,26.3,US,ATL,42.21,60.87
72.13.122.137,199.38.148.95,443,25.92,US,DFW,23.17,25.51
23.95.215.195,23.95.215.195,443,25.11,US,SJC,40.46,53.44
45.158.127.48,45.158.127.48,443,24.77,US,LAX,36.65,50.96
18.216.55.100,18.216.55.100,443,24.72,US,CMH,38.25,50.1
64.181.227.82,64.181.227.82,443,23.8,US,SJC,26.59,27.32
173.249.207.151,173.249.207.151,443,23.07,US,SJC,43.27,63.11
166.1.60.219,166.1.60.219,443,22.14,US,EWR,53.83,57.23
163.192.22.57,163.192.22.57,443,21.05,US,SJC,23.4,27.9
107.174.40.115,107.174.40.115,443,19.87,US,LAX,35.37,39.83
159.89.91.17,159.89.91.17,443,19.68,US,EWR,59.59,63.2
159.60.146.82,159.60.174.169,443,19.27,US,DFW,23.89,41.22
45.38.249.40,45.38.249.40,443,17.78,US,MCI,35.82,41.58
23.95.18.184,23.95.18.184,443,17.22,US,SEA,26.39,62.25
159.60.146.81,159.60.174.151,443,15.01,US,DFW,23.86,44.11
43.162.119.244,43.162.119.244,443,14.8,US,SJC,24.19,33.05
129.146.137.214,2603:c020:14:b39f:73e4:5573:620c:f17c,443,13.73,US,LAX,36.3,62.97
146.190.56.83,146.190.56.83,443,12.5,US,SJC,29.22,54.22
185.204.54.203,185.204.54.203,443,11.6,US,EWR,58.4,62.61
192.193.104.25,192.193.104.22,443,11.25,US,DFW,33.21,58.21
192.3.76.214,192.3.76.214,443,10.38,US,BUF,46.77,51.07
212.124.105.20,212.124.105.20,443,9.83,US,IAD,42.71,46.61
192.161.60.5,192.161.60.5,443,9.8,US,LAX,37.47,41.54
213.170.157.1,185.71.228.0,443,9.7,US,PDX,39.6,91.73
64.69.37.100,64.69.37.100,443,9.24,US,LAX,24.64,30.36
192.119.83.187,192.119.83.187,443,8.47,US,LAX,36.04,41.08
91.149.239.206,91.149.239.206,443,6.86,US,LAX,56.58,75.07
129.159.84.71,129.159.84.71,443,6.47,US,IAD,69.81,120.43
192.3.212.40,192.3.212.40,443,6.19,US,LAX,35.48,49.47
104.234.50.50,104.234.50.50,443,6.05,US,IAD,44.29,71.54
